0,1,2,3,4,5,6,7,8,9,10,11,12,13,14,15,16,17,18,19,20,21,22,23,24,25,26,27,28,29,30,31,32,33,34,35,36,37,38,39,40
4.341504,3.3517456,-0.006737466,-0.003345613,-0.018896636,-0.0024642015,0.20041485,28.938755,1.8443917,2.9181657,0.0035820834,-0.07867316,3.0431006,1.7554188,9.270481,4.9608088,1.0371312,1.1539364,-0.00012699519,0.005528722,0.0047396566,1.1319848,1.0114985,0.0062950277,0.00092660164,0.0004054148,2.0037403,-0.0010622053,0.0026220041,14.561974,3.4836845,-0.0017064037,0.016176702,0.0007194948,1.3836856,3.9810674,3.1415505,8.917243e-05,7.733059,-0.0066541764,-0.0033646459
5.391632,2.7855532,0.11965125,0.18266988,3.858649,0.20533794,4.622175,40.94595,3.7321587,2.36555,5.3818884,-0.057341605,4.2134995,0.93461025,11.303405,6.7262864,1.0225962,1.1230849,0.05441685,0.0044738012,-0.0033545082,1.3113539,1.6381818,0.023885729,0.08751372,0.45389947,2.4705923,0.007309065,0.015023111,29.11794,3.1839292,0.21576653,-0.027135467,4.1332045,1.6394342,4.0767374,2.4652405,2.6152668,9.518731,0.036342617,0.11305818
4.383042,2.9359617,-0.0043516583,-0.005966416,-0.016146736,-0.00018195479,0.85277474,34.9929,2.1006074,2.2415931,0.002878032,-0.038028926,3.1834104,1.8081485,9.445586,4.595769,1.0104696,1.1383984,0.0013436994,-0.0011942942,0.0029843932,1.2083106,1.0344759,0.009722458,0.00070171745,-0.00014034561,2.0523758,-0.0003819472,0.0022393286,9.678457,3.8254607,0.0016873524,0.015359837,-0.0011844827,1.2765397,4.0185266,2.617852,-0.0051884563,7.8455048,0.0013113061,0.0022492143
4.659361,2.9216297,0.09975096,-0.008660587,0.0064345277,0.091311544,1.9210986,45.47929,1.5208293,1.1059604,-0.0073305354,-0.03146215,4.002901,1.1141483,9.6110735,1.5370996,1.0012276,1.1079224,0.0036650775,-0.0021166212,0.08708519,1.4055437,1.0258573,0.21670675,-0.00015645518,-0.0011733196,2.1693075,-0.0006079467,0.19286653,8.995354,2.298656,-0.20444424,0.03559787,3.0197836e-05,0.8717187,6.3233995,2.3552883,-0.006115867,11.389327,0.0006475373,0.5724837
4.8715663,2.934922,-0.010276224,-0.008786797,-0.01600485,0.21945338,1.1987405,35.91279,3.376675,1.8854636,0.00307714,-0.037268918,3.152159,1.4095075,9.962508,5.4522514,0.9997301,1.1382387,0.003195914,-0.003281701,0.0024175455,1.2168564,1.4995741,0.007948117,8.343519e-06,0.0005296427,2.202053,-0.002488345,-8.71052e-05,11.921482,2.898599,0.18572593,0.015089119,-0.0017279614,1.1424507,3.8458319,2.445501,-0.0029265108,7.772456,0.0013883825,0.00051018
4.1765513,3.0430632,-0.0095801605,-0.0054931254,-0.021016011,-0.0015114638,-0.032857668,31.22606,1.8298485,2.158986,0.0059657553,-0.046944376,2.9014633,1.7420117,9.011485,3.4685476,1.0153414,1.1484662,0.0012944781,0.00039538683,0.0038944583,1.169352,1.0137457,0.0075036497,-0.00010537741,0.0006531572,1.9502876,0.00049110904,0.0021493095,9.300567,3.35865,4.5976736e-05,0.013146515,-0.0005139837,1.1812863,3.9344811,2.7793617,-0.0058717956,7.4625807,-0.00062235736,-0.0003865912
3.869913,2.9413226,-0.014451762,-0.0055601574,1.7738757,-0.0008125834,-0.6245196,26.199133,1.4624116,1.2862015,2.428156,-0.019263295,2.4967184,1.3216269,8.356681,0.7511402,1.0076516,1.1624397,0.0004956268,0.00040411344,0.0037858854,1.1607924,1.0030838,-0.017435476,0.00016676153,-0.00065859983,1.829294,-0.0034256557,-0.00077798986,9.105293,2.4171107,0.004747448,0.0138598345,2.4511328,1.9138571,3.9086685,2.8028944,1.2492017,7.0354853,0.0026028003,0.0015907048
4.9248056,2.942613,-0.0058705606,-0.0073762513,1.7391328,-0.00078536494,3.0989492,45.126427,1.7043204,1.9009372,2.3613873,-0.02461,3.5668576,1.3415402,10.260906,5.1860332,1.0016296,1.1197654,0.00032355118,0.0030306831,0.0032205384,1.2936544,1.048693,0.006866881,0.0015089862,-0.0003209529,2.3312976,-0.0052272324,0.00091937685,13.714202,3.1888034,0.0047449144,0.047978994,2.3878891,2.0264332,3.96708,2.5015419,1.232448,8.659442,-0.0008980453,0.001705643
4.219199,3.0043962,-0.009677132,-0.006998942,1.7827437,-0.0008354369,0.3657336,29.038404,1.8224821,1.8745097,2.427836,-0.031754967,2.9963217,1.6876135,9.140092,3.1036026,1.0067465,1.1537583,0.0006470222,0.0005400763,0.003824771,1.1810977,1.0247233,-0.014566328,0.00016580112,-0.00044990116,1.9886634,-0.0029708117,-0.00027049473,11.51077,3.3806472,0.0048759673,0.015329803,2.454507,2.0868816,4.026358,2.7223024,1.2580341,7.63989,0.0015009642,0.0009895785
4.120128,3.0601358,-0.008182489,-0.0046095643,-0.022252396,-0.0013427405,-0.111345895,30.506163,1.7478008,2.1113362,0.0055609923,-0.046789125,2.778525,1.5413014,8.83284,3.100552,1.0218781,1.1495491,0.0006593197,0.0012255291,0.003992592,1.1635951,1.0108525,0.0065404116,0.0007700266,0.00068175903,1.9204187,-0.0006898385,0.0018722791,9.9795885,3.0276515,-0.00028829806,0.0151669625,-0.00027894694,1.1924175,3.9205253,2.8845696,-0.006024287,7.376636,-0.0011144542,-1.9284058e-05
4.94771,3.6258678,0.10112143,-0.00315205,1.7851267,-0.002816924,2.7369316,39.481087,0.927143,2.3951418,2.4427361,-0.07546346,3.6038485,1.1110952,10.113843,4.862071,1.0558391,1.1270083,0.00050804456,0.015069919,0.0054779532,1.254328,1.0118575,0.0019873432,0.07419241,0.0002799669,2.2998557,-0.007048009,-0.0014218143,20.933706,2.4718719,0.0007439291,0.052399516,2.4623573,2.007552,4.015232,3.162242,1.2779148,9.045021,-0.013746379,0.09362812
5.508543,3.0937254,0.113993965,-0.007806853,-0.009639321,0.21926574,3.922761,47.405,3.145369,1.9309398,0.00793336,-0.036018826,3.9068947,1.0095367,10.984846,7.2354774,1.0297673,1.1049197,0.0030838377,0.0007625446,0.00244963,1.347927,1.5238678,0.016966593,0.0756723,3.5289693e-05,2.4924614,-0.006902267,-0.0017745524,17.271646,2.89318,0.18665265,0.03997258,-0.0030950098,1.1789465,4.0388126,2.4121416,0.0040442934,9.248539,-0.0016801662,0.10551471
4.9652524,3.2303467,-0.0073205763,-0.0077046608,-0.012971413,0.21451162,1.0038149,30.416784,3.631907,2.8350444,-0.00013940487,-0.072499536,3.3946712,1.8322707,10.273371,7.35679,1.0160689,1.1503135,0.0025218949,-0.0003306398,0.003131016,1.1603462,1.4939482,0.0015021346,-0.00024354008,0.00061881804,2.2233307,-0.0022329895,0.00041505776,16.329288,3.7434483,0.18120317,0.006149348,-0.0017357433,1.4046087,3.9727151,2.7243772,0.0018391744,8.002129,-0.003003564,-0.001547868
5.281851,3.0204701,-0.008027992,-0.008884882,-0.0127988085,0.21582249,2.7421765,44.360203,3.1578085,2.0395725,0.0027951451,-0.04235786,3.414601,1.0714846,10.541763,6.641963,1.0066967,1.1225013,0.0022068198,0.0014410927,0.0035327957,1.2666392,1.501244,0.02066495,0.00078110246,0.0007426451,2.3935769,-0.0047449246,7.6027034e-05,14.887645,2.4999897,0.18296227,0.039110348,0.0007646111,1.1506735,3.7860906,2.49571,0.003452809,8.352577,-0.0031588404,-0.00094851357
4.646569,3.093712,-0.008388674,-0.004901538,-0.018268427,-0.0019791925,1.8919826,43.263466,1.3920361,2.0401797,0.007245717,-0.044633377,3.0871112,1.085453,9.557639,4.155342,1.0221392,1.1251084,0.000118465694,0.0061819344,0.004445903,1.2435493,1.0164679,0.025724364,0.001968953,0.00058131135,2.1737726,-0.0026320356,0.0025530434,12.060817,2.3666523,-0.0006688027,0.04685236,0.0028303945,1.0967335,3.7948267,2.8237922,0.000807089,8.066316,-0.00599136,-0.0023131599
4.9784617,3.498774,-0.007965313,-0.0034549176,1.7861485,-0.00068864285,2.571548,39.000923,1.372731,2.8698626,2.4416893,-0.08130558,3.4806414,1.2760746,10.213658,6.141951,1.034393,1.1348815,-0.00055531476,0.014861683,0.0060495636,1.2029402,1.0193068,0.0049708714,0.0028430426,-0.00015158708,2.318011,-0.0069712326,-0.00029155283,20.88676,2.7716668,-0.001158752,0.050386243,2.475955,2.1718166,3.9104018,3.1736748,1.2863295,8.666886,-0.014603845,-0.0071760947
4.7113013,3.0376496,-0.013256217,-0.0076622465,1.784438,-0.0014268648,2.1716816,41.85108,1.3680034,1.7127578,2.4310708,-0.030852089,3.2616925,1.2722157,9.806493,3.805534,1.0029525,1.1292477,0.0011144558,0.005754831,0.0042255824,1.2578845,1.0253669,0.005867201,0.0010737156,7.403111e-05,2.2285502,-0.0040032463,0.00058381923,12.717138,2.6325734,0.0038503592,0.046849973,2.4572194,1.9079288,3.8562543,2.6282992,1.266536,8.239165,-0.0037211638,-0.002200529
4.1276646,2.9915528,-0.012216751,-0.007020284,1.7775568,-0.0010280029,0.043118615,28.29442,1.7201743,1.7172215,2.424451,-0.029527398,2.8798528,1.6593889,8.957549,2.4747255,1.0047647,1.1561552,0.0009083205,0.00026327715,0.0039353385,1.1747857,1.0183831,-0.014813435,-0.000458719,-0.000117777185,1.9481138,-0.00235178,-0.0004216965,10.497152,3.190074,0.0049003474,0.014411643,2.4494932,2.016718,3.9866278,2.7153552,1.2540615,7.4702263,0.0017940105,0.0006097356
4.2238455,3.142372,-0.0048907395,-0.0040494166,-0.020521741,-0.001510139,0.20133825,30.430412,1.8352814,2.4104493,0.0033716839,-0.05549556,2.890251,1.5378556,9.016743,3.9213786,1.0299158,1.1495585,-7.605285e-05,0.0026609248,0.0043289876,1.1595454,1.0162464,0.006158818,0.0012846233,0.0005975295,1.9610329,-0.0016600885,0.0018216916,12.134948,3.1763344,-0.00048176837,0.017104896,7.4554926e-05,1.3034524,3.9652672,2.9881651,-0.0040265527,7.5678506,-0.0027050253,-0.00012746104
4.766672,3.2699442,0.0049398313,-0.00630621,1.7917625,-0.0012092869,1.8961618,29.29075,2.5451918,3.3291461,2.4140608,-0.067555025,3.786588,2.1670349,10.33357,7.6833496,1.0273306,1.1504246,-0.000490801,0.0036864316,0.003847824,1.1762708,1.0620711,-0.01711031,0.0020475292,-0.000828593,2.2178597,-0.0051570614,0.00022892261,19.463955,4.9959846,0.0046017813,0.01446021,2.4503217,2.6059794,4.311019,2.914578,1.266547,8.679713,-0.0026920063,0.0026843012
4.901464,3.429959,-0.010045513,-0.0042075794,1.7765707,-0.001720882,2.3621807,38.458717,1.395609,2.694642,2.418531,-0.072855085,3.4320395,1.324293,10.108977,5.687672,1.0299681,1.1364951,-0.0005326876,0.012085514,0.0047819093,1.2054415,1.0204998,0.0036605853,0.0023177618,-0.00026968957,2.2872093,-0.005754756,0.0010612203,19.316046,2.8253882,0.0006915921,0.04802102,2.4485257,2.149473,3.9145858,3.0889251,1.2698609,8.5508375,-0.011652711,-0.006249184
5.0093403,3.1963851,-0.007778987,-0.009148011,1.7896854,0.21934965,1.5013983,29.455647,3.4763126,2.3842483,2.4229932,-0.052477714,3.3827899,1.5318761,10.289871,6.534175,1.0105973,1.1538988,0.00084475987,-7.052062e-05,0.0029070815,1.1790022,1.5049227,-0.018259361,0.0017887126,-0.0009858217,2.2605586,-0.0058102147,-0.0015686987,18.688643,3.2992468,0.18868917,0.014321938,2.4543862,2.2704554,4.014797,2.7208352,1.2635734,8.131491,-0.001029137,-0.001214415
4.106869,3.179885,-0.0042653307,-0.0037853445,1.7815427,-0.00085166167,0.042121325,24.199703,1.774339,2.1849618,2.4241416,-0.04467505,2.7854736,1.365536,8.801094,3.0499785,1.0325592,1.1655285,-0.0021371068,0.0039025014,0.0041415542,1.1375225,1.0166179,-0.021634597,0.0024335005,-0.001020301,1.9154706,-0.005611623,-0.00057655154,15.275945,2.9489734,0.0037522668,0.015687035,2.4541423,2.2662,4.0639606,3.1239207,1.2557046,7.5123334,-0.0015468611,0.0014388816
5.0835314,3.1826444,0.005972135,-0.006034482,1.7806596,-0.00115968,3.5076714,40.73909,2.107942,2.863231,2.399095,-0.051057287,3.8163247,1.4312235,10.600452,7.4448195,1.0285441,1.1272355,-0.0012632024,0.006990536,0.0038964483,1.2568684,1.0650467,-0.0008709036,0.004072881,-0.0008177541,2.377521,-0.008106537,0.00039214332,20.129944,3.8441691,0.004395885,0.044770766,2.4358237,2.450885,4.1612396,2.8622346,1.2615246,9.058268,-0.0049946764,0.0025987125
5.577517,3.36088,0.22544773,-0.010476847,0.014145974,0.31188533,3.9921334,45.615837,3.005826,1.680024,-0.013755255,-0.052395172,4.7353535,0.744236,10.9807625,5.3928895,1.0536703,1.1049831,0.0043114983,-0.00020978214,0.09013261,1.4630998,1.5007068,0.20698176,0.08026774,-0.00019017766,2.4843438,-0.008475573,0.1888688,20.57183,2.4519618,-0.032665532,0.033988014,-0.0028431849,1.168231,6.5959325,2.6215374,0.0012413331,12.694611,-0.0016969992,0.6916871
5.4687147,3.0550153,0.0026589066,-0.007872294,-0.0077764713,0.2176005,3.493179,44.10746,3.5738027,2.57001,-0.0045120465,-0.048645515,3.6923523,1.1119704,10.935051,8.45857,1.0189633,1.1199992,0.0010139124,0.0015854995,0.0029774583,1.2721182,1.526148,0.016817942,0.0025671083,2.7168926e-05,2.4694328,-0.0071961135,-0.00017943209,18.518438,3.1044307,0.18425159,0.037671555,-0.00062956754,1.4375736,3.9515207,2.5912483,0.0054536615,8.774878,-0.0031478629,0.0020916527
5.438274,3.0595458,-0.002305928,-0.008608584,-0.009501598,0.21898338,3.2742867,44.741734,3.413276,2.3940856,-0.0011721135,-0.047885466,3.624756,1.1318718,10.861934,7.908985,1.0131142,1.120596,0.0014967495,0.001747423,0.003431707,1.2716877,1.5207223,0.019432439,0.0015252614,0.00035769521,2.4589362,-0.005889034,-8.223818e-07,17.175058,2.9043462,0.18569782,0.0392788,0.00033338062,1.3165593,3.878402,2.5405097,0.0049913973,8.655253,-0.003586651,0.00025234686
4.967674,2.7493103,-0.0075859306,-0.011897791,1.852154,-0.00040578606,2.943376,47.111473,2.3820949,2.820661,3.0336194,-0.04695392,3.79269,1.6408485,10.514655,8.59038,1.0104584,1.112038,0.0038913065,0.04065096,0.0031376139,1.2897942,1.0935113,0.009640601,-0.0014358913,0.0075370134,2.3807092,-0.0054971897,0.0013983825,21.057278,3.9132066,0.008365836,0.037550986,3.0390756,1.0912398,3.9540877,2.4396105,1.608245,8.804166,0.035555076,0.0064771906
4.8814197,3.4461198,-0.012722126,-0.004676763,1.7861214,-0.0021900237,2.273478,39.121048,1.2230978,2.5591989,2.4313183,-0.07244969,3.3542104,1.2407193,10.021664,5.20847,1.0286857,1.136367,-0.00010931872,0.0130701745,0.004643501,1.2061343,1.0129427,0.0060891616,0.0027604126,0.00013055463,2.2795792,-0.0052814926,0.0013480353,18.784128,2.5340538,0.0010147152,0.05090547,2.4603848,2.0806527,3.8557897,3.0982957,1.2747467,8.470048,-0.0129544865,-0.007031049
4.8499513,3.109789,-0.011010836,-0.0073501025,1.7866782,-0.0016151348,2.5441432,42.226784,1.499521,2.0451946,2.4279072,-0.03995704,3.4442499,1.3746499,10.093434,4.8478646,1.0075052,1.128096,0.00087576604,0.0067187436,0.004054341,1.2570502,1.0322167,0.0060488097,0.0013973411,-0.00019982428,2.2873905,-0.0044175503,0.0009913294,14.560086,2.9618912,0.0036849645,0.04748088,2.4557238,2.0155778,3.9096258,2.6766152,1.2684317,8.483684,-0.0050614085,-0.0025284512
4.83112,3.1684625,0.007793457,-0.0062095956,-0.006891288,-0.0018468109,1.9713553,33.685562,2.8546941,3.597132,-0.0073789726,-0.07038607,3.9224756,2.4358513,10.521459,8.801225,1.025288,1.140324,0.0001486483,0.00040262693,0.0038980884,1.1948203,1.067166,0.00510235,0.0001696511,-0.00036615194,2.23867,-0.0014359228,0.0022068592,16.116245,5.587089,0.0014773533,0.009477987,-0.0025226737,1.7580056,4.3019214,2.7402487,0.00092161243,8.730049,-0.0015262029,0.0033228693
6.211708,5.6280923,0.08350208,-0.007994626,0.01767474,0.62115175,2.8898776,31.65277,2.3447556,1.9569035,-0.017803403,-0.0149596445,4.3874364,1.4995048,12.017195,7.060236,1.2761765,1.3366748,0.0035368009,-0.002256226,0.16397081,1.4385896,1.6821223,0.24537383,0.23163415,-0.0010979514,2.6345387,-0.008125627,0.1864769,23.968594,3.908017,0.0644977,0.0024303645,-0.0040987236,1.0017556,6.1342125,5.567033,-0.0001019131,12.009986,-0.00086850586,0.92513037
4.5786858,3.0889761,-0.005549526,-0.008304061,1.784752,-0.0015318961,1.2661675,30.878138,2.2845137,2.602514,2.4179096,-0.04755408,3.571791,2.2271004,10.005756,5.832867,1.0045519,1.149242,0.0009990061,0.00037537678,0.0038016278,1.1925834,1.0472423,-0.013319292,-0.0006632139,-0.00081877824,2.1511593,-0.0021194492,0.00047557623,13.968138,4.6544147,0.0053115445,0.012722727,2.4469519,2.2955084,4.1759048,2.6224914,1.2598164,8.278554,0.0006821821,0.0010321968
5.070236,3.1288033,0.004938946,-0.0065900683,1.7901528,-5.7180223e-05,3.5165398,41.439255,2.107194,2.7274399,2.412885,-0.04534287,3.800263,1.4211249,10.57904,7.2208343,1.0243816,1.1259569,-0.0010774992,0.0062478776,0.0039430354,1.2653277,1.0679668,-0.00024553787,0.0033365455,-0.0006780126,2.3753507,-0.007890897,0.00013166058,19.25917,3.809932,0.0055569364,0.045278125,2.4493725,2.4172451,4.1491537,2.7937708,1.2677884,9.027092,-0.004073485,0.002548897
5.1864853,2.9563594,-0.011080799,-0.009250729,-0.013817216,0.21551174,2.4285393,44.111336,3.0908527,1.8031703,0.005171252,-0.03557863,3.3214543,1.1017169,10.381666,5.959686,0.99969184,1.1230129,0.0027694223,3.7371403e-05,0.0031705897,1.2676105,1.4950337,0.020620603,0.00034581078,0.00052615115,2.355476,-0.0037570705,0.0002799817,13.029788,2.4128182,0.18272398,0.036414865,0.0005672813,1.0611541,3.7525494,2.410085,0.0017124957,8.181563,-0.0017127811,-0.0011216031
4.1455035,3.091819,-0.006715785,-0.003357856,1.6814557,-0.0010131635,0.2008604,27.005201,1.7289121,1.9801049,2.2950935,-0.03827347,2.8282816,1.4094845,8.885136,2.8545685,1.0219378,1.1568502,-0.0020039629,-0.0002582747,0.0038255604,1.160973,1.0202079,-0.017331386,0.00174049,-0.0013344195,1.9437488,-0.0046825437,0.0011191736,13.40964,2.9545312,0.004205107,0.015162603,2.319313,2.1111822,4.0278964,2.9636712,1.1845354,7.5340505,0.0018228015,0.0022787307
5.139981,2.9732933,0.005751424,-0.006557213,-0.006842922,-0.0011284063,3.6953952,48.13942,2.2553434,2.737082,-0.0033059816,-0.040864445,3.8864155,1.5796919,10.72385,7.8122435,1.0170712,1.1110708,4.0301933e-05,0.0029143982,0.0033232388,1.3007652,1.0664237,0.025597991,0.002384448,-0.0005231409,2.4060502,-0.0038077817,0.0025399385,14.684118,4.108681,0.0017090141,0.044212576,-0.00017816015,1.4651572,4.079843,2.5447066,0.0031466638,9.040888,-0.0027397221,0.0033088655
5.179596,3.0803468,0.004681006,-0.0068306085,1.770266,-0.0007526714,3.9070265,44.06679,2.1554596,2.7166803,2.3858886,-0.041921988,3.9400215,1.494837,10.807479,7.6415925,1.0183665,1.1199856,-0.00068718934,0.0055855485,0.0033319402,1.2861599,1.071018,0.0029844383,0.0031591675,-0.0009976332,2.432173,-0.0075139008,0.000496075,18.804886,3.9984205,0.004723522,0.04709817,2.4212341,2.3892484,4.1546907,2.6775029,1.254555,9.1952305,-0.0035332597,0.0027879148
4.5867944,3.357771,0.11224853,-0.004913832,1.7914387,-0.0017600172,1.6321497,29.53631,1.8614794,2.5027192,2.4362402,-0.056481514,3.6607018,1.8006324,9.867888,5.1732793,1.045976,1.1427678,-4.7206795e-05,0.0044871033,0.004123808,1.2241409,1.0398233,-0.019629152,0.073343545,-0.00030915416,2.1342204,-0.0058663394,-0.0020022974,18.095936,4.119882,0.0045043407,0.017034777,2.455102,2.2877316,4.3264537,2.9167526,1.26722,8.770547,-0.002738892,0.102724366
4.774706,3.239974,0.11837902,-0.007329369,0.014547571,0.0930168,1.6758395,33.05091,2.6565804,2.8560874,-0.022605253,-0.07624643,4.5885735,2.0891817,10.251865,5.708534,1.0271479,1.1315858,0.0017894243,-0.002637488,0.08732006,1.3178779,1.0604695,0.19475773,0.0002104806,-0.0011163504,2.1828694,-0.0016344738,0.19202428,16.29785,4.7197924,-0.20601319,0.0048203915,-0.0037273716,1.5608945,6.7694883,2.6783285,-0.004061055,11.90291,-0.00067176396,0.57937014
5.6526446,3.0227592,0.009755578,-0.008071896,-0.0047520404,0.21716279,4.315193,46.961678,3.7491767,2.7280846,-0.008228972,-0.045513198,3.8972692,1.0410852,11.267157,9.477936,1.0226479,1.1131068,0.00026829648,0.0016574969,0.0031228352,1.2996638,1.5410554,0.018529275,0.0037377977,-7.276195e-05,2.5547354,-0.008831662,-0.0005932565,20.116583,3.3216548,0.18430804,0.043316975,-0.00075219275,1.5553131,4.021243,2.5663779,0.0065230425,9.123916,-0.002922793,0.005011722
5.559069,5.065372,0.11562071,-0.0077778674,0.0073853442,0.5344428,1.6103044,27.72944,2.207058,1.5346029,-0.015889918,-0.022748545,3.8948984,1.0699775,10.781588,4.281513,1.2294832,1.291592,0.00324171,-0.0015818374,0.14484756,1.3890098,1.5943222,0.22706014,0.19066493,-7.2776194e-05,2.3641057,-0.008451985,0.18514271,21.496964,2.8003972,0.029365802,0.001425769,-0.0035748808,0.9552292,6.185044,5.0433965,-0.0046000048,11.423343,0.0011233867,0.865861
4.307174,3.0493054,-0.009248552,-0.006950538,1.7789801,-0.0009721193,0.5880927,29.63718,1.863874,2.0456915,2.4204104,-0.037396118,3.1019223,1.7479738,9.315646,3.6572318,1.0083565,1.1525055,0.00063186436,0.0011964146,0.0038223627,1.1820151,1.0275371,-0.013552632,0.00022111615,-0.00032633287,2.0270827,-0.0029727668,9.2833925e-06,12.41391,3.5354505,0.0046271468,0.016634675,2.4475133,2.123572,4.0422306,2.740243,1.256401,7.7798314,0.00055048504,0.00045822418
4.8519015,3.4697106,0.002242685,-0.0052531553,1.7929333,-0.0016285002,1.8132651,27.716375,2.5099678,3.7716384,2.4202724,-0.08931937,3.8804803,2.3242962,10.501356,8.485485,1.0346949,1.1549459,-0.00073294167,0.0068171085,0.00432927,1.1472976,1.0538497,-0.016927438,0.001528502,-0.001143361,2.2458677,-0.0046861228,0.0007698324,21.736603,5.1655374,0.0028113164,0.013550472,2.4572995,2.658503,4.3095045,3.0814576,1.2732377,8.78241,-0.006695992,-0.0014207375
4.992135,3.2964427,0.1483371,-0.009651753,0.016714389,0.094009206,2.6460402,35.5521,2.7810698,3.0864773,-0.026908087,-0.07690187,4.8460774,1.9541554,10.624175,6.860434,1.0422971,1.1255945,0.00064809836,-0.0011745782,0.09049414,1.3505135,1.0779047,0.19586886,0.012295651,-0.00027574686,2.276962,-0.0041680792,0.19126943,19.289581,4.8995566,-0.2063717,0.012524929,-0.001607814,1.7073036,6.8845925,2.7455947,-0.0026488027,12.410684,-0.0003007076,0.6026406
4.5865984,2.8987794,-0.009292718,-0.006145546,-0.018721353,-0.001335415,1.9007902,45.25525,1.422411,1.612455,0.008200367,-0.024914939,3.0537198,1.0940218,9.482988,3.4721615,1.0084299,1.1201136,0.0009923457,0.0029568796,0.0038055223,1.2717481,1.0207129,0.026901845,0.0016090535,0.00047611023,2.160568,-0.0018272251,0.0023698204,9.039351,2.3725376,0.00050199707,0.04550999,0.0019209791,0.99122936,3.780169,2.585002,-0.0024523877,7.973811,-0.0021336877,-0.0001475179
4.028982,2.993709,-0.010359004,-0.0055883266,1.7774825,-0.0005026181,-0.13890211,26.859255,1.6542511,1.6349477,2.4252965,-0.02682851,2.7141325,1.4315581,8.695395,1.95165,1.0121433,1.1588389,-9.966872e-05,0.00069635996,0.003681506,1.1658356,1.0143335,-0.017441176,0.00084029406,-0.00070390827,1.8982409,-0.0036748375,-0.00059616053,11.062815,2.8302763,0.004659931,0.014536447,2.4512277,2.0425844,3.9827526,2.833076,1.2528448,7.3298244,0.0017969909,0.0013268702
4.803267,3.2302675,0.0063154195,-0.0057344506,-0.0075928937,-0.0017713729,1.7838899,32.765778,2.7659886,3.6366153,-0.0062154606,-0.07579471,3.863895,2.4123037,10.443277,8.635165,1.0282384,1.1429316,-5.4626445e-05,0.0013558699,0.004114353,1.1823065,1.061488,0.0050132982,0.0002049027,-0.00041851323,2.2220669,-0.0012821519,0.0023939034,16.487926,5.446334,0.0013058083,0.009743605,-0.0020868941,1.7428538,4.276981,2.8149831,0.0013863308,8.66191,-0.0027544182,0.0022173354
5.1182065,3.0335238,0.0010777274,-0.007941516,1.7950379,-0.0007145645,3.6252162,44.137268,2.0976236,2.5373075,2.4323876,-0.03813585,3.8957918,1.5982506,10.730966,7.1745577,1.0097302,1.1207407,0.0003379284,0.005547809,0.00389504,1.2868626,1.0658349,0.003652833,0.0020487823,-0.0006919805,2.4104161,-0.00636875,6.535531e-05,17.080084,4.00136,0.004631479,0.044722892,2.467173,2.2848992,4.1137557,2.5732923,1.2769996,9.066493,-0.0025701497,0.001901833
4.8643746,3.4605365,-0.011784327,-0.0040729097,1.7832636,-0.0017067309,2.2398736,38.667,1.211116,2.5810647,2.431451,-0.07392151,3.3179688,1.1813816,9.967303,5.1667504,1.0316122,1.1368097,-0.00045293447,0.013582277,0.0050357725,1.2020009,1.0119797,0.005375284,0.0028357934,5.979282e-05,2.2693303,-0.0059621716,0.00082174415,19.247375,2.445522,0.00026405562,0.050968584,2.4614656,2.0891094,3.8557673,3.1471918,1.2757405,8.448751,-0.013360761,-0.007118162
4.903487,3.313987,-0.0032109318,-0.0042349906,-0.013149302,-0.002755317,2.4145732,41.96587,1.697854,2.8937194,0.0030085696,-0.07103545,3.464848,1.4012924,10.129543,6.4831796,1.0348758,1.1278465,-0.00063207943,0.008803442,0.004873996,1.22306,1.0279018,0.023826808,0.0023166153,0.00020309883,2.2760012,-0.0031613405,0.0030095738,16.495867,3.1875231,-0.0013674651,0.044846352,0.002958451,1.356003,3.9228277,2.9928906,0.0059158173,8.537606,-0.009665309,-0.0032524632
4.9010043,3.2646663,0.003899175,-0.0066888365,1.794437,-0.0009947156,2.3628051,32.365013,2.5095942,3.3337724,2.4209416,-0.0671076,3.8960376,2.1369941,10.5542755,8.071459,1.0247349,1.1445701,-0.0003810698,0.0047191284,0.0041310564,1.1958468,1.0652772,-0.0125871515,0.0014439705,-0.00086734345,2.283635,-0.005335746,0.00026797457,19.716553,4.971596,0.0046512196,0.020519342,2.4575725,2.5750818,4.288016,2.8614132,1.2718735,8.858298,-0.0034589735,0.0014297728
5.3222566,3.288486,0.006077486,-0.00757621,-0.0052158213,0.21617658,2.3168771,32.176342,4.1762595,3.5732982,-0.008522193,-0.081395686,3.8768158,1.9423183,11.005995,10.150321,1.0292248,1.1443567,0.00080463605,0.00025294442,0.0035860555,1.1810143,1.5297711,-0.00014875048,0.00088175933,-0.00015796669,2.3766942,-0.005207107,-0.00020434134,21.152502,4.6407213,0.18345231,0.008792474,-0.0016577635,1.7680769,4.1798015,2.7939048,0.0053488757,8.7109785,-0.003356048,0.0016874586
3.9647086,2.9140897,-0.007408884,-0.0045110346,-0.02380502,-0.00067652285,-0.37493825,30.130743,1.734731,1.7272918,0.00596482,-0.030534804,2.6030507,1.3981245,8.526631,2.100553,1.017375,1.1493002,0.0008819018,-0.0010986513,0.003334811,1.1727253,1.0106114,0.0046327612,0.0011142947,0.0005042968,1.8555447,-0.0010185831,0.0013945382,7.9947367,2.7844114,0.00036880487,0.012641485,-0.0006315701,1.133178,3.9105167,2.79917,-0.009870762,7.152052,0.001983473,0.0024565817
5.1608605,2.9957738,-0.00046753697,-0.0075449715,1.7904385,3.5173587e-05,3.8137066,46.065517,2.034519,2.4188235,2.4239633,-0.03429233,3.915088,1.556661,10.785623,7.0649533,1.0054467,1.1158185,0.0008736548,0.005200468,0.0030535844,1.3008715,1.0652099,0.0063629667,0.0026207368,-0.0012356809,2.43483,-0.006255599,0.0006261839,16.454454,3.903092,0.004471268,0.046906557,2.457578,2.235501,4.086539,2.5098464,1.272939,9.105687,-0.002762376,0.0016080689
5.353282,3.2339952,0.016911164,-0.0059063747,1.7959187,-0.0011563883,4.5598526,42.23548,2.4878888,3.422219,2.408549,-0.05820428,4.1538773,1.429408,11.12421,9.522383,1.0413609,1.1228918,-0.0029070587,0.008326751,0.004857328,1.272842,1.0903747,-0.0019602745,0.004469419,-0.0007025807,2.4925942,-0.010909767,-0.0006916166,24.23649,4.4001184,0.0048936233,0.04937786,2.4532998,2.7329628,4.3111877,2.9530327,1.2734483,9.597851,-0.0059171366,0.004759866
4.7658024,3.1594186,-0.009507961,-0.0051636947,-0.016309071,-0.0021226977,2.0838935,43.768696,1.4706814,2.2950013,0.0071858675,-0.053482033,3.2668371,1.2990904,9.8395815,4.9792233,1.0205909,1.1243806,0.00044836572,0.0068142856,0.00425604,1.241358,1.0183791,0.026938418,0.0014749755,0.0003948772,2.227287,-0.00191375,0.0030591898,12.771453,2.7417703,-0.00094685,0.04580717,0.0027753317,1.1332631,3.8175972,2.8048384,0.0028649608,8.247823,-0.0073438794,-0.0035556133
4.9319334,3.5631354,0.10319419,-0.0036638987,1.7852207,-0.0026999016,2.7457302,40.19689,0.9343971,2.2477956,2.443288,-0.06884553,3.6080372,1.1332922,10.104426,4.639323,1.0511564,1.1250721,0.0009382666,0.013913026,0.005225169,1.2651417,1.0134271,0.0023244605,0.07573763,0.00015982024,2.2976463,-0.0066863894,-0.0013598851,19.855112,2.5028822,0.0011636697,0.051844914,2.4616647,1.9668411,4.014308,3.072145,1.2768049,9.030404,-0.012292512,0.09673051
4.1799974,3.1379342,0.10849542,-0.0042529944,-0.022052126,-0.001771333,0.37184215,31.176207,1.6125567,1.8520724,0.013127679,-0.04122551,3.1169755,1.5901918,9.009449,2.8421926,1.0403662,1.1385331,0.0019625227,0.00029694597,0.0039645876,1.2249151,1.0172231,0.0013836302,0.07323651,0.0008034897,1.9446661,-0.0015245667,-0.00046558076,10.600301,3.344202,0.00081261405,0.0117396405,-0.0037071437,1.1207346,4.1255345,2.7826152,-0.007140496,7.984508,0.0007239643,0.10474299
4.982235,2.7894835,-0.0039441655,-0.0049336427,1.9389446,-0.0017429743,3.0573092,46.398026,2.4175851,2.9070878,3.1326802,-0.04966855,3.7917848,1.5594572,10.517925,8.700718,1.0156521,1.1124568,0.0030735112,0.038013265,0.0021352125,1.2861154,1.0919238,0.009948128,0.00062306784,0.020221723,2.3824017,-0.0056957128,0.00234443,22.209217,3.881615,0.010374345,0.037496682,3.0846353,1.1951956,3.9849026,2.52658,1.6524339,8.852228,0.035186525,0.0068209083
5.1155634,3.6201081,-3.6313682e-05,-0.0035729182,1.7892945,-0.0021948235,3.0447853,38.069843,1.5799581,3.3637943,2.4376717,-0.0930019,3.646297,1.2535478,10.468296,7.4760876,1.0506388,1.1378804,-0.0024232704,0.017002981,0.0074221715,1.1949915,1.0321854,0.00265816,0.0033113742,0.0004075488,2.368063,-0.008708693,-0.0009241841,24.554377,3.0601041,-0.00042544949,0.05385212,2.4770324,2.389278,4.0096917,3.3552203,1.28792,8.962237,-0.015869536,-0.005693453
5.207798,3.1027987,0.0076208934,-0.0069838916,1.8022038,-0.0005946803,3.9376204,42.898315,2.358416,3.037907,2.4803083,-0.04994556,4.029275,1.5895982,10.910875,8.540827,1.0241429,1.1214671,-0.00063130475,0.01002751,0.003943366,1.2761188,1.0805281,0.0004624571,0.0031709536,-0.0002860774,2.442473,-0.008292345,7.2631585e-05,20.876991,4.3079524,0.004701029,0.04352137,2.5172827,2.3994784,4.209238,2.7359014,1.3085363,9.293728,-0.0004831731,0.0037509569
4.750525,2.8405814,-0.0035268888,-0.0068855654,-0.012756237,-0.0006293403,2.4318585,45.52252,1.9102184,1.9892027,0.003909297,-0.024755055,3.4157584,1.4637406,9.966859,5.159038,1.0044414,1.1172277,0.001303982,0.0004913906,0.0029269638,1.2851945,1.04392,0.023877516,0.0014046744,-0.00016168604,2.2371476,-0.0017574267,0.0025179214,9.868102,3.400262,0.0018210328,0.03805122,0.0005685959,1.1820447,3.93938,2.4445598,-0.001657159,8.344353,0.00015149238,0.0023433934
5.0736165,2.6673565,0.026234217,0.16016126,3.2908888,-0.016418746,4.2381983,41.600777,2.9125438,3.6133428,4.793797,-0.042166833,4.221233,1.4744873,11.09701,8.550684,1.0204566,1.1310172,0.062185336,0.0053333133,-0.008481052,1.2513392,1.1983738,0.038045954,0.0036363697,0.39896604,2.4030266,0.008829192,0.0076986416,29.639326,4.328468,0.042672716,-0.0353658,3.8771777,1.6333143,4.151527,2.7735116,2.3443148,9.34676,0.063872024,0.01405312
4.4389467,2.9271214,-0.015562627,-0.0072170463,1.7793293,-0.00078039215,1.4984618,40.433407,1.1272546,1.1500468,2.433557,-0.015059151,2.8781428,0.9672735,9.203988,1.8862329,1.0005282,1.1324637,0.0007987753,0.004285882,0.0041847737,1.2541462,1.0125054,0.004093942,0.0011189773,0.00019142678,2.108176,-0.004138214,-0.00029857832,10.248226,1.8991001,0.0040876954,0.045793664,2.4575076,1.761409,3.7721894,2.627745,1.2609307,7.778404,-0.0017016283,-0.0013368634
4.9732018,3.1342223,-0.00923968,-0.00823465,-0.013818205,0.21713108,1.2019585,33.423866,3.4937892,2.478217,0.0017041427,-0.060244564,3.3246055,1.6483516,10.214857,6.7095847,1.0096482,1.1441214,0.0027764249,-0.00090969336,0.003002702,1.186167,1.4971809,0.0056725633,-0.0002992486,0.00037690747,2.235348,-0.0024196038,0.00039693553,14.824576,3.3608534,0.18351546,0.011966329,-0.0015138434,1.2894672,3.9071615,2.6190476,0.00080518454,7.961001,-0.0019108794,-0.0014201
4.3188095,3.0495944,-0.0050716526,-0.00505316,-0.018773984,-0.0012750443,0.5772048,33.236187,1.9188969,2.31035,0.0033088087,-0.047372345,3.0330367,1.6415842,9.241126,4.219564,1.0203831,1.1432453,0.0006172223,0.001150916,0.003853174,1.186021,1.023653,0.009024777,0.00096652354,0.00035004082,2.0141406,-0.0010681936,0.0020765455,10.96201,3.420492,0.00027356183,0.018214699,-0.000618952,1.2722684,3.975643,2.8096337,-0.004238449,7.717418,-0.0010936325,0.0007615737
4.723584,2.9811962,-0.009659912,-0.008291104,-0.018485723,0.21865806,0.7041793,32.71777,3.315944,1.8875463,0.0031169748,-0.04098853,2.9714797,1.3133376,9.659884,4.8983006,1.0069629,1.1451657,0.0026704525,-0.00258708,0.0032411292,1.1921306,1.4929347,0.0040440536,-6.0379683e-05,0.0010520682,2.126863,-0.0031033128,-0.000713169,12.360783,2.6670616,0.18491249,0.0126395915,-0.0013351501,1.1569846,3.8394883,2.5828037,-0.0035500666,7.554698,0.0010243262,0.0006289018
5.0115333,2.9721212,0.11091836,-0.009248653,0.01250817,0.092865214,3.1502457,48.53863,1.9022127,1.677252,-0.014889938,-0.0384844,4.4621353,1.2479713,10.321978,3.8925347,1.0089144,1.1011811,0.002987757,-0.0010268156,0.08841261,1.4327238,1.0510175,0.21794243,0.0010134298,-0.0017233561,2.3261485,-0.0026295164,0.19291471,12.531614,3.0475981,-0.20421708,0.03960457,-0.0010253906,1.1194887,6.475903,2.3564389,-0.00341474,12.050616,-0.0005576294,0.57746994
4.6953444,3.2083876,-0.00015976283,-0.0055488176,-0.010015603,-0.0018820465,1.354681,32.876247,2.5236602,3.3363976,-0.0022211773,-0.072484985,3.6996245,2.373808,10.207632,7.586242,1.0214101,1.1433121,0.00092748454,0.0013020387,0.0034363845,1.1783919,1.0469552,0.0070046526,0.00022853744,-0.0005312325,2.178043,7.1154805e-05,0.003105329,14.504875,5.0792313,0.00045357502,0.009451968,-0.0021620437,1.5812572,4.183558,2.7690442,0.0006839949,8.417188,-0.0029796236,0.00048454167
4.8824005,2.9230027,-0.007979765,-0.011290246,1.8621157,-0.0014829708,2.376592,42.723614,2.3451898,3.096299,3.043906,-0.06293866,3.7012446,1.7189733,10.354821,8.609278,1.0199534,1.1222378,0.0019253166,0.040305346,0.0036408226,1.247891,1.0798821,0.0056309397,-0.0007165468,0.005749224,2.3271925,-0.0051393635,0.0027179194,22.51762,3.9255667,0.008356829,0.03294956,3.0413923,1.1738911,3.966948,2.6517587,1.61184,8.664785,0.03355925,0.0036156434
3.9916139,3.2975016,-0.009775161,-0.0026651323,1.7626158,-0.0019880896,-0.5414527,22.21471,1.4791855,2.14397,2.4071672,-0.054771204,2.5793152,1.2761612,8.510795,2.231676,1.0372536,1.1722851,-0.0015430932,0.006054372,0.0045460775,1.1080357,0.9980178,-0.021435801,0.002141652,-0.0008166902,1.8559709,-0.0051003215,0.0002955559,15.296,2.4695177,0.002144461,0.016514644,2.4342935,2.1614187,3.9699812,3.2723112,1.2450323,7.2534876,-0.003864312,-0.0012048244
5.162744,3.2985919,-0.0018862741,-0.007839578,-0.009793358,0.21848698,1.653016,31.5286,3.8457367,3.2043357,-0.0033704285,-0.07945549,3.6163216,1.851145,10.642017,8.700133,1.0237503,1.1480124,0.0013482133,0.0006667125,0.00396079,1.1683539,1.5154642,0.0018835592,-0.00012234,0.0002533118,2.3061867,-0.0035939463,8.031601e-05,18.969326,4.059534,0.18510832,0.009830056,-0.0010701019,1.5634147,4.0478377,2.7897484,0.0035950602,8.347463,-0.0039889994,-0.0010860732
4.455331,3.0094156,-0.0103112515,-0.005402101,-0.020102544,-0.0015274298,1.2281655,40.416847,1.4555259,1.8433665,0.008055914,-0.037578803,2.960041,1.2295431,9.286559,3.4019425,1.0149482,1.1303899,0.0008198378,0.0035339012,0.0039856425,1.2302728,1.0133989,0.021265259,0.0012478298,0.0006052803,2.0893202,-0.0014201266,0.0024105075,9.864586,2.5024788,-0.00020148617,0.037104603,0.0016095104,1.0473369,3.8042748,2.735949,-0.0025454268,7.7867866,-0.0032610323,-0.0013642211
4.8382263,3.0274186,-0.0038913956,-0.0068838745,-0.011065086,-0.0017486388,2.253514,42.11127,2.1327965,2.6268528,0.0016496078,-0.048402708,3.6478124,1.9154292,10.278232,6.579857,1.0090014,1.125335,0.0014254618,0.0016840143,0.0034554915,1.2491087,1.0451627,0.020235296,0.00019615953,-0.00022759101,2.26532,-0.0004985936,0.0030067682,11.991461,4.1895394,0.0010629627,0.029714642,-0.0005264875,1.3266302,4.022408,2.5428731,0.0007361207,8.516701,-0.002271946,0.00018185873
4.5860996,2.8775108,-0.014252148,-0.008624917,1.7825801,-0.0009689255,1.9968593,43.115593,1.2621888,1.2118194,2.4341376,-0.012558575,3.091788,1.1172863,9.540076,2.6289806,0.9938362,1.1263999,0.0015850852,0.0034849874,0.0040740613,1.2777823,1.0229245,0.0071860314,0.00093488785,0.00019376469,2.1819751,-0.003749747,-0.0001551132,10.00247,2.278114,0.0045689167,0.047581803,2.4586565,1.774696,3.8036432,2.4842803,1.2633691,8.023577,-0.00081856956,-0.00021862601
4.6561003,3.0016015,-0.0100260945,-0.0060395314,-0.017574472,-0.0018096028,1.9139603,44.31568,1.4811776,1.9149462,0.0077720513,-0.037149306,3.1661036,1.2605052,9.655465,4.16569,1.0114142,1.1227309,0.0010141431,0.0041282973,0.0040506744,1.2573353,1.0204632,0.026480988,0.0010385468,0.0004680269,2.1866715,-0.0014351531,0.0026988522,10.295513,2.6535347,5.5932385e-05,0.043845344,0.0019906352,1.0501617,3.8041136,2.647327,-0.00043681837,8.083533,-0.003941896,-0.0017666486
4.846004,3.6325815,0.2042706,-0.009129633,0.0009179624,0.35730666,0.91204584,28.415207,2.8580828,1.3142452,-0.006509034,-0.047651645,3.825914,0.8182192,9.632171,2.3646486,1.0870856,1.1595552,0.0059979553,-0.004311628,0.09605167,1.3445882,1.5171407,0.17824923,0.09403355,-0.0034287795,2.108355,-0.006020497,0.17355794,17.848585,2.0434787,-0.009204871,0.002534115,-0.0012759868,1.0542947,6.4033117,3.2190254,-0.00439795,11.204808,0.0062800115,0.69619364
4.959838,3.1119819,0.005396402,-0.007499232,1.7918302,-0.0010643997,2.8854313,37.13331,2.3974853,2.910034,2.4145975,-0.048665583,3.888404,1.9095756,10.589292,7.5504084,1.0168835,1.134267,-0.00015146045,0.0033533599,0.0036566237,1.2401128,1.0689923,-0.007058466,0.0027585973,-0.0008889646,2.3240104,-0.0057559456,0.0002089074,17.993778,4.6287894,0.0052951816,0.029224241,2.4500275,2.4725804,4.240108,2.6924357,1.2666783,8.927278,-0.0016604026,0.0043562218
4.8523655,2.831031,-0.003800797,-0.007119469,-0.012814232,-0.0008426687,2.836145,48.45435,1.8190306,1.918756,0.0038674925,-0.022499401,3.4705713,1.3668468,10.103588,5.262468,1.0029025,1.1116364,0.0013070271,0.0012788958,0.0030146562,1.3046719,1.0443773,0.028273758,0.0016776957,-0.00014161762,2.2879653,-0.0020185926,0.002626972,9.924515,3.2380886,0.0017035353,0.04482294,0.00036611344,1.1405137,3.9048114,2.4072628,-0.000911339,8.471095,-0.0006001462,0.0021805738
4.5949297,3.338264,-0.0032674265,-0.0059355483,1.7890506,-0.001832552,1.1154547,27.276104,2.2253668,3.112788,2.4212577,-0.071556866,3.5305543,2.1241963,9.96045,6.4311237,1.0257494,1.1574714,-0.00043403447,0.004705443,0.00427336,1.1498626,1.0394043,-0.01664076,0.0007639236,-0.00068375544,2.1377637,-0.0036013138,0.00058746076,18.040068,4.502431,0.0035896932,0.013558096,2.4537878,2.449203,4.197837,2.9841511,1.2657493,8.313876,-0.004273667,-0.0011777271
5.210971,3.0394704,0.014319002,-0.005764094,-0.0054665077,-0.0012203788,4.0818543,47.08353,2.431232,3.0733871,-0.008253566,-0.047024906,3.9532237,1.4327596,10.819856,8.6838455,1.0324804,1.1123368,-0.0016545177,0.004199791,0.0042451397,1.2957393,1.0781949,0.02242053,0.003541441,-0.00028865202,2.4271734,-0.006354497,0.0016414619,17.860788,4.1925545,0.0018561836,0.04668712,0.000120040924,1.6622212,4.1693783,2.7249324,0.0042373748,9.237189,-0.003570348,0.005413076
4.775573,3.220829,0.1199287,-0.008357415,0.01460248,0.09495853,1.7628814,33.48138,2.6504567,2.8012588,-0.023552945,-0.07309375,4.564394,1.9979404,10.223321,5.6145415,1.0287493,1.1301843,0.0016617732,-0.0027007926,0.08806136,1.3232509,1.0642667,0.19505596,-0.00070849387,-0.0010327017,2.1833138,-0.0020861658,0.19229431,16.429321,4.6037607,-0.20538646,0.0057293447,-0.002758454,1.5638952,6.772018,2.686801,-0.004136328,11.911656,0.00040157122,0.58044124
4.601119,3.2014365,-0.002240836,-0.0053872014,-0.01292584,-0.0019549031,1.1467206,33.129143,2.2835996,3.0702472,-9.95216e-05,-0.06849997,3.492049,2.1188629,9.926604,6.6057324,1.023395,1.1435697,0.00068782247,0.0022212337,0.0038902273,1.1777021,1.0375639,0.008478475,0.00023953948,-8.5417756e-05,2.1355639,-0.0004210428,0.0027454505,13.91372,4.4861465,0.00010613471,0.014149987,-0.0009926761,1.4837549,4.1037903,2.8258133,0.000112138456,8.219272,-0.0033996585,-0.00039100667
4.6426105,3.0016787,-0.008717326,-0.006189082,-0.01629875,-0.0016799016,1.7685224,42.429085,1.6766418,2.0880566,0.0063009644,-0.03991265,3.2520454,1.480728,9.730629,4.625092,1.0101854,1.1259074,0.0012501009,0.0029193312,0.0037466804,1.246879,1.0255865,0.02294056,0.00077885285,0.0002362251,2.1784644,-0.00085844815,0.0028040214,10.369984,3.108996,0.0003472398,0.036687165,0.0010266677,1.122328,3.8695252,2.6201367,-0.0008895464,8.111108,-0.0029385565,-0.001048405
4.772032,3.1092997,0.11880975,-0.004474118,-0.014541296,-0.001762875,2.7897062,43.347237,1.6284491,2.0085142,0.010003973,-0.03463525,3.597569,1.1892391,9.928622,4.8881803,1.0451473,1.1129278,0.00071327883,0.003269117,0.004787672,1.3154958,1.0419527,0.016958779,0.07509968,0.000562197,2.2251365,-0.004878906,0.00044801855,14.094092,3.2008662,0.00083151297,0.040057767,-0.0016525048,1.2166774,4.152911,2.7066832,-0.00017509566,8.920424,-0.0010644975,0.11077843
4.829347,3.2392094,-0.004173851,-0.006544454,-0.015779596,0.21452786,0.7764396,28.631828,3.5160987,2.7080553,-0.0011862153,-0.06949124,3.1508694,1.4818438,9.903226,6.578815,1.0274278,1.1536145,0.0012727286,0.0006234655,0.0037967977,1.1494639,1.4898117,-0.0012318841,0.00070488226,0.0008444116,2.1540365,-0.0041669835,-0.00047021563,17.20458,3.177553,0.18077488,0.008917969,-0.0009591545,1.4274603,3.956367,2.8971071,0.00036442836,7.806094,-0.003033763,-0.0005810241
3.7647104,2.940315,-0.014600329,-0.0036819903,1.7722377,-0.0010774824,-0.8414904,24.503801,1.4003806,1.2440796,2.4280424,-0.01837474,2.342917,1.1242396,8.098793,0.2785262,1.0136628,1.1656941,0.00032674574,0.0015543846,0.003984392,1.1490082,1.0010723,-0.020398315,0.0025450585,-0.0018124254,1.7756197,-0.0052679344,-0.000863854,9.751651,2.0993648,0.0043924754,0.013991592,2.4518957,1.9367352,3.9056396,2.9195702,1.2513038,6.8935137,0.0032034258,0.0024476426
4.718296,2.9495556,-0.010210638,-0.0074464073,1.783242,-0.0007485035,2.4352574,43.300385,1.4007134,1.5611726,2.4286757,-0.021138156,3.2449603,1.117882,9.782901,3.6707797,1.0026542,1.1246953,0.0008510065,0.00482746,0.0037805617,1.2765155,1.0314274,0.0062768585,0.002112133,-0.0001814204,2.2356894,-0.0050423956,0.00037241244,12.4900055,2.5058663,0.004224125,0.049184445,2.4555304,1.914094,3.8687725,2.5849602,1.2651632,8.2747965,-0.0021582304,-0.00014567161
4.8961644,2.8301702,-0.0029223466,-0.007160714,-0.0119118625,-0.00081651524,2.9861298,48.82436,1.8816423,1.9913864,0.0030227331,-0.023078356,3.534811,1.4015088,10.20046,5.581573,1.0030369,1.1105655,0.001269622,0.0011904637,0.0028929377,1.3082116,1.0477858,0.028361423,0.0016438678,-0.00026185843,2.3079922,-0.0021588847,0.0026650683,10.271001,3.3671813,0.0017553819,0.044750765,0.00019737294,1.1730824,3.92628,2.3962204,-0.0005527965,8.553298,-0.0005823079,0.002270357
5.0214634,2.8336325,0.0013517822,-0.0072235297,-0.008457021,-0.00010655228,3.4382172,49.550438,2.0924356,2.234067,0.00089841476,-0.025223006,3.7197325,1.4801313,10.475123,6.5717597,1.0056416,1.1080949,0.0009017763,0.001018853,0.0027664024,1.3170692,1.0610634,0.02774975,0.0018798641,-0.00043331762,2.3634539,-0.0029144404,0.0025399388,11.641048,3.7461078,0.0026239417,0.044725407,0.0006095235,1.2924919,4.00125,2.3877876,0.0010528117,8.802452,-0.0004178022,0.0034440677
4.198673,3.0198073,-0.00846821,-0.0054854834,-0.01988862,-0.0013053876,0.047675624,31.250477,1.9292449,2.2065723,0.0050560255,-0.04575582,2.9658291,1.8180994,9.09134,3.7401059,1.0137062,1.1476893,0.0014028273,-0.00038100005,0.0035030022,1.1727324,1.0180478,0.0067709284,1.0796733e-05,0.00036910002,1.9615394,0.0005116024,0.0022404562,9.259684,3.5642397,0.00035731326,0.011009356,-0.0011003399,1.2137202,3.9666908,2.7395358,-0.0061263735,7.5212507,0.00011735293,0.0003345059
5.381108,3.233699,-0.0037090555,-0.008732445,1.7666935,0.21728267,2.8792102,35.904198,3.50806,2.6820865,2.3862858,-0.059072696,3.719588,1.4064023,10.909854,8.143783,1.0150042,1.138371,0.0010833136,0.0034400527,0.0025019825,1.2209319,1.5169234,-0.00957004,0.0027627733,-0.0012127021,2.4336946,-0.008026512,-0.001268815,21.51631,3.389448,0.1862532,0.028404549,2.418324,2.3307924,4.0312796,2.7169976,1.2550304,8.716582,-0.0039034972,-0.001065964
4.8957586,3.0986404,-0.007228131,-0.008115429,-0.014665078,0.21778867,1.0284523,31.987337,3.5652058,2.435634,0.00043819606,-0.056570098,3.260906,1.6196705,10.083708,6.501808,1.0111896,1.1465062,0.0024892706,-0.0017977902,0.0031213693,1.1812516,1.5004181,0.002713117,-0.00019836744,0.00059929426,2.1984587,-0.002811221,-0.00017836066,14.664847,3.3720257,0.18424624,0.009085201,-0.0017586093,1.3195155,3.933984,2.6307883,-0.0008361474,7.873982,-0.00064690807,-0.00012498934
4.8564186,3.2528722,0.007663472,-0.006630056,1.7959281,-0.0010306388,2.2378893,30.06017,2.713831,3.4798598,2.4188623,-0.06741608,3.9248095,2.2329786,10.537897,8.400243,1.0277667,1.148191,-0.00081958773,0.00342927,0.004005594,1.1855769,1.0718849,-0.017313188,0.0016503494,-0.0009857222,2.2590764,-0.005686491,-5.9448184e-06,20.242702,5.293352,0.0050248983,0.014476054,2.4570181,2.6811163,4.3660946,2.8841648,1.270766,8.86002,-0.0020452992,0.003168189
4.5897965,3.0851786,-0.0045376183,-0.0082813185,1.789821,-0.0011814653,1.3154029,30.756323,2.3335705,2.6479445,2.4251597,-0.047780436,3.5973108,2.242593,10.037344,5.9967685,1.0050493,1.148965,0.0009375848,0.0004024036,0.0038340564,1.1928375,1.0492744,-0.013959786,-0.00049421313,-0.0008507903,2.15559,-0.0024215109,0.00033487246,14.233056,4.731416,0.0052337265,0.011940079,2.455542,2.3212526,4.1933923,2.6242778,1.2645875,8.310906,0.00075591676,0.0011279964
4.432625,3.0176456,0.100975744,-0.004171708,-0.021551376,-0.0014035029,1.7471606,41.50175,1.2278172,1.3592141,0.01398091,-0.022628266,3.0888982,0.90084445,9.183669,2.4367278,1.0382559,1.1180762,0.0012439347,0.0027990355,0.003807183,1.2964472,1.0194232,0.016122986,0.06993064,0.00086031016,2.0758104,-0.0040676617,-0.00019490559,10.651099,2.2429578,0.00081126555,0.03877945,-0.0015845713,0.9744886,3.9738414,2.7136712,-0.0047448953,8.239968,-0.00071445433,0.0975199
4.308837,3.1539814,-0.00421324,-0.0045554587,-0.018689401,-0.0017787329,0.3927409,30.790178,1.9712678,2.585622,0.0023691976,-0.058780883,3.0459113,1.7171794,9.243505,4.611455,1.0277356,1.1487327,0.0001506744,0.002319268,0.0043458333,1.1625183,1.0220333,0.0062183356,0.0007759752,0.00049573765,2.0003967,-0.0012371757,0.0019796672,12.472284,3.563572,-0.00031858188,0.015387348,-0.00028445406,1.3528789,4.0068636,2.938891,-0.0031609132,7.722251,-0.0026095265,-0.00012453273
4.7458153,3.0087788,-0.007649614,-0.006128054,-0.015320534,-0.0017287505,2.1781707,44.56057,1.6519877,2.1188219,0.0058009224,-0.039845772,3.3237936,1.3952919,9.880226,4.9496865,1.0116185,1.1215378,0.0009993125,0.0037584838,0.0037997211,1.2610824,1.0286754,0.02580451,0.001189446,0.0001740005,2.2268438,-0.0014855943,0.0028672705,11.073642,3.0363612,0.00030750092,0.042105366,0.0013330679,1.1332399,3.863403,2.6218746,0.00034129276,8.263275,-0.0037638952,-0.0010513398
4.4677005,2.87634,-0.01094427,-0.0059222644,-0.020946268,-0.0011718799,1.5505859,44.22227,1.3090016,1.42094,0.0093999235,-0.021392416,2.890173,0.9906069,9.22644,2.6920154,1.0081637,1.122349,0.0010719826,0.0027444346,0.0037453184,1.2647016,1.0140669,0.025993261,0.001606201,0.0006673655,2.1064875,-0.0018015527,0.0021988677,8.175668,2.0763104,0.000360931,0.04460154,0.0018647338,0.92913514,3.7414143,2.6060457,-0.003843771,7.768279,-0.0017353005,-0.00022172203
5.4849973,3.3083851,0.023338944,-0.006417725,-0.0014684924,0.20780852,3.2839103,31.877546,4.5853443,4.1272078,-0.019165944,-0.08443519,4.1158886,1.7867972,11.317307,11.982126,1.0505893,1.142268,-0.0016718361,0.0010263798,0.004253789,1.1922827,1.5411155,-0.005516961,0.0031797667,-4.6787263e-05,2.4408362,-0.0096237175,-0.0017597395,25.88466,5.119542,0.17606837,0.011838297,-0.0024074498,2.1368032,4.385881,2.979245,0.006466232,9.184498,-0.0031325787,0.008291441
4.7156997,3.1174126,0.1050149,-0.00491348,-0.018739218,-0.002270307,2.5011666,46.026367,1.137016,1.5639858,0.016123222,-0.032419786,3.379386,1.0194498,9.701597,3.4823277,1.0362427,1.1102104,0.0017691844,0.0051624547,0.004149836,1.3199242,1.0204717,0.023773734,0.07371767,0.00084503856,2.208416,-0.0033967046,0.00043370322,11.725116,2.4183793,0.0004994142,0.04774685,-0.00045762,0.94204205,3.9468968,2.6595697,-0.00040185652,8.643735,-0.003940769,0.10080035
4.8500676,3.1170073,-0.011016392,-0.0071859243,1.787237,-0.0014243943,2.548776,42.269768,1.4796335,2.0456004,2.4302526,-0.04049535,3.4317179,1.3468385,10.080112,4.8220234,1.0082959,1.1279007,0.0008470083,0.0071165417,0.004178281,1.2564332,1.0312961,0.0062464434,0.0015370923,-0.0002826282,2.2868345,-0.004597187,0.0008893488,14.711202,2.9077003,0.0034497038,0.04802275,2.4584906,2.0121713,3.903924,2.6930428,1.2700344,8.47977,-0.0053978045,-0.0028081778
3.9792519,3.0126634,-0.009342094,-0.0047737933,-0.024282057,-0.0012971419,-0.53764415,28.956255,1.699706,1.9134414,0.0066312556,-0.04126874,2.6283257,1.5073334,8.572447,2.3414981,1.0199734,1.1531347,0.0009073218,0.00020795765,0.003965915,1.155444,1.0059359,0.0044804607,0.0005166698,0.00091814896,1.8570762,-0.0002621318,0.0015641906,8.710695,2.8701751,-0.0001550897,0.012119419,-0.00030598446,1.1399516,3.9003158,2.868547,-0.008298475,7.154117,0.00012943477,0.00061675115
4.9894686,2.8596094,-0.00090323464,-0.0073012686,-0.009890823,-0.0010253085,3.2289057,48.945774,2.0295255,2.2228143,0.0012199117,-0.027887711,3.6897137,1.5382895,10.427072,6.3812847,1.00413,1.1100795,0.001201933,0.0012468337,0.0028895992,1.309056,1.0545174,0.027896062,0.0015801961,-0.00039504055,2.3487449,-0.0021752228,0.0027548205,11.227027,3.72873,0.0018355851,0.043562844,-0.00021315707,1.2540144,3.9786851,2.390685,0.00048359443,8.731614,-0.0008889166,0.0025849584
5.4997973,3.0911598,0.00291237,-0.008260027,-0.0069995127,0.19999972,3.5767984,44.30201,3.53428,2.7449493,-0.00474202,-0.053490113,3.8062534,1.2832232,11.068039,8.888911,1.0186151,1.1203794,0.000954391,0.0019846968,0.003562738,1.2708409,1.4923362,0.017658534,0.0018692953,0.00019583112,2.4888597,-0.006532391,-2.8132868e-05,18.678146,3.4258907,0.17006132,0.037586134,-0.00035515294,1.4701716,3.9809206,2.5838063,0.006048043,8.889872,-0.003736591,0.0017439837
5.220459,3.6082633,0.0083942665,-0.0037614768,1.7921864,-0.0024356944,3.4642272,37.94672,1.866266,3.616216,2.4208724,-0.09249913,3.8565063,1.3830926,10.742027,8.498129,1.0542107,1.1363132,-0.00271566,0.015100644,0.0060531697,1.203785,1.0488414,-8.4503714e-05,0.006488492,-0.00022011003,2.4136882,-0.009076706,0.00022156714,25.751804,3.6019638,0.0015398512,0.051354248,2.4608648,2.5634048,4.1277723,3.330956,1.2800145,9.224186,-0.014263026,-0.00014699477
4.790967,2.8108096,-0.004709058,-0.0069737947,-0.014124081,-0.0008001609,2.6774173,48.234,1.7411757,1.7841729,0.0051839054,-0.01946501,3.3766062,1.288538,9.961161,4.7884746,1.0023596,1.1120938,0.0013049192,0.001152035,0.002993067,1.303575,1.0402827,0.028236177,0.0017859003,-7.6326156e-05,2.2608957,-0.0020436728,0.0025197952,9.361389,3.0365164,0.001488083,0.045065235,0.0009544837,1.0964377,3.8779693,2.4113986,-0.0014551721,8.360978,-0.0003357912,0.0022136616
4.632888,2.9758842,-0.010615015,-0.0060364804,-0.018189142,-0.0016569826,1.894524,44.79841,1.4209266,1.7965419,0.008390641,-0.033689566,3.114446,1.1885395,9.585456,3.85571,1.010296,1.1217102,0.0010542601,0.004013453,0.0039165695,1.2617093,1.0186269,0.027233914,0.0011780206,0.0005140169,2.1780825,-0.0015005543,0.0026798504,9.830178,2.4953704,8.550073e-05,0.045094717,0.0020483541,1.0133168,3.7816849,2.6329083,-0.0009363476,8.033518,-0.0037155594,-0.0016589103
4.699983,2.8568616,-0.006004517,-0.006553388,-0.016296651,-0.001099263,2.3563497,46.72786,1.6094048,1.732292,0.005638524,-0.022328826,3.226257,1.1705909,9.739166,4.243019,1.0070503,1.1160736,0.0009250349,0.0021169512,0.0035529395,1.2883536,1.0326436,0.027250659,0.0016630522,0.00026200313,2.2148185,-0.0022725046,0.002322854,9.550518,2.7188134,0.0011259681,0.045821276,0.001088571,1.0689958,3.8410385,2.5139446,-0.0020728055,8.196029,-0.0012055086,0.0011982982
5.0157104,2.9796414,-0.00414063,-0.008160941,1.7905612,-0.0008736273,3.3504884,45.176884,1.8294283,2.1258063,2.4262772,-0.029368568,3.702411,1.437615,10.468434,5.9360185,1.0037616,1.119639,0.0007288803,0.004744189,0.0036628512,1.2935606,1.0547521,0.006479967,0.001699904,-0.0005032144,2.3700867,-0.0055668196,0.00045932343,14.937745,3.4757845,0.004873856,0.048332613,2.45738,2.1300097,4.0138574,2.518308,1.269995,8.83126,-0.0023117342,0.0009412683
4.681033,3.1072667,0.10368952,-0.0049660327,-0.019037943,-0.002074936,2.3104284,45.691315,1.1096774,1.4975643,0.01750532,-0.03162281,3.363496,1.1013968,9.663503,3.2599337,1.0321926,1.1109487,0.0022482204,0.0045930627,0.0037547809,1.317175,1.0166911,0.02374008,0.07408992,0.0006111513,2.1947212,-0.0024451173,0.0007210493,10.837785,2.4609885,0.0005063579,0.045093052,-0.0006353063,0.89668125,3.9327004,2.6140203,-0.0011284738,8.576081,-0.0036193575,0.10117707
4.911781,3.4697027,-0.011617299,-0.00457606,1.7860538,-0.0021891266,2.358446,39.112083,1.2492931,2.6470964,2.4313827,-0.07508894,3.389512,1.2486492,10.078601,5.454279,1.0307654,1.1364242,-0.0003471021,0.013598666,0.0049961936,1.2048937,1.0143731,0.0060163853,0.002831629,0.00015726533,2.2915812,-0.00552381,0.0010827229,19.378439,2.5864785,0.0007182571,0.051386457,2.4615355,2.1078932,3.867724,3.1242986,1.2758453,8.526115,-0.013480554,-0.007018871
3.9696221,3.0955045,0.11293655,-0.0053632115,-0.00040450346,0.09051169,-0.39705655,26.793268,1.7765839,1.5079826,-0.015763532,-0.04901615,3.3592403,0.9836085,8.362855,0.207202,1.0394676,1.1421818,0.0003972192,-0.0018448178,0.0855361,1.2744423,1.0115526,0.18906032,0.00047177644,-0.0013625702,1.8105108,-0.0028241284,0.18946397,12.170701,2.1843367,-0.21000065,0.006818325,-0.00085124426,1.2016718,6.495622,2.977323,-0.012790972,10.524218,0.004712165,0.57951605
5.0142694,3.0076582,0.11370785,-0.006040228,-0.011705279,-0.001506751,3.625562,49.634785,1.6548363,1.9001517,0.010154544,-0.026481627,3.868579,1.3249505,10.412829,5.584068,1.0299683,1.0999373,0.002039814,0.0025876802,0.003064246,1.3616939,1.0509292,0.024369635,0.07449226,1.9195044e-05,2.352301,-0.003890339,0.000531443,12.699793,3.475501,0.0020696511,0.045872543,-0.002579389,1.1381422,4.114002,2.4371502,0.00059639255,9.231457,-0.001363824,0.10509982
4.7631245,3.244475,0.0016593023,-0.005847891,-0.008550182,-0.0022055497,1.5041126,32.498756,2.6592944,3.559909,-0.003829364,-0.077693984,3.8244662,2.5039315,10.385239,8.279594,1.0232273,1.1441077,0.00077787566,0.0014189866,0.0036777768,1.1752896,1.0523746,0.0059956885,-0.00022136669,-0.0004986715,2.2062016,4.9175713e-05,0.0029745495,15.428781,5.407963,0.00052290317,0.007823869,-0.0020892916,1.6594863,4.2318497,2.7794805,0.0014702807,8.554203,-0.0031822426,0.00042982574
5.387756,3.4148564,0.007216041,-0.006839744,-0.004613179,0.21533515,2.387274,31.061928,4.199749,3.8976905,-0.009612348,-0.09443524,3.9458506,1.9820526,11.121015,10.805254,1.0377456,1.1473233,-4.81303e-05,0.0020266273,0.0037306605,1.164506,1.5271834,-0.0009532795,0.0011702025,-0.00036543998,2.3978262,-0.0055680946,0.0001943877,23.21911,4.752195,0.18232565,0.009104785,-0.0013542143,1.8564095,4.2053843,2.9342337,0.0070696436,8.822667,-0.005627953,0.00029107125
4.910379,2.9713082,-0.0062664202,-0.008654442,1.7891879,-0.0010658085,2.90451,43.32444,1.8194612,2.0484095,2.4268508,-0.02857468,3.6250966,1.5420585,10.316762,5.4992733,1.0003277,1.1241477,0.0009543308,0.0037312114,0.0039230115,1.2806684,1.0496972,0.0044431123,0.001034247,-0.00046774422,2.3220654,-0.0045101,0.00045247367,13.8078575,3.5266163,0.0051265936,0.043535423,2.456632,2.0911558,4.004636,2.4933739,1.2676443,8.660405,-0.0015008469,0.0005745233
4.662304,3.1657708,0.0040739533,-0.0063596163,1.7893105,-0.00092676014,1.7609743,30.187502,2.409801,2.940886,2.4150465,-0.054537006,3.6137073,1.9624076,10.076216,6.664389,1.0234208,1.1482642,-0.0004870333,0.0025700235,0.0035816468,1.1889931,1.0580779,-0.016199382,0.0023516293,-0.00082300196,2.1766036,-0.005416986,-2.424413e-05,17.776434,4.5695524,0.004779964,0.016686838,2.449676,2.505189,4.259417,2.8550298,1.2639042,8.494297,-0.0009732364,0.0038145012
5.3067584,3.1058254,0.010117883,-0.007281747,1.8875319,0.00065198424,4.0265203,43.940945,2.8422656,4.142681,3.0594466,-0.08393617,4.157773,1.5147684,11.088412,11.882127,1.0522233,1.1182168,0.002442621,0.04712504,0.0027611305,1.2556361,1.1197809,0.00453904,0.0026634138,0.013725456,2.4983199,-0.009421079,0.0015240035,31.189419,4.4676995,0.0112320995,0.040250346,3.0572665,1.6507789,4.1876903,2.996412,1.6330936,9.499615,0.031260356,0.0072287116
4.345264,3.084189,-0.00822659,-0.005535929,-0.017895494,-0.0015299056,0.4368738,32.733105,1.961091,2.4284902,0.004537043,-0.05321223,3.125996,1.8887656,9.3692665,4.5311112,1.0152073,1.1449536,0.001395453,0.00091091177,0.0035881037,1.177944,1.0214323,0.009199226,3.878905e-05,0.00026451593,2.027107,0.00045653456,0.0026501082,10.497644,3.7451801,0.00013053116,0.014178785,-0.00085585087,1.2561426,3.9791188,2.7551253,-0.0035543188,7.742663,-0.0015609538,-0.0006567483
4.9397054,2.8614628,-0.0034403135,-0.007607855,-0.0111995675,-0.0013647082,3.0125961,48.5792,1.9506124,2.1322,0.0025984778,-0.027561639,3.6255727,1.547768,10.332354,6.0033884,1.0019991,1.1117313,0.0014087303,0.0013058585,0.0032760336,1.3044041,1.0495528,0.028209796,0.00077805656,-0.00014154325,2.3270452,-0.0015893988,0.0026592866,10.509288,3.623043,0.0017676704,0.04338365,0.00011806225,1.1984301,3.9457724,2.3801227,-2.9782214e-07,8.626977,-0.0008985896,0.0015698001
4.1080317,2.9662607,-0.005454334,-0.0047124894,-0.021931121,-0.00089806103,0.053801674,31.360233,1.8209009,1.9703246,0.004198159,-0.03691402,2.7700834,1.4571179,8.805918,2.977886,1.0201548,1.1466234,0.00051769614,-0.00010766748,0.00371547,1.1790643,1.0174487,0.006059391,0.0012207354,0.0005572864,1.9190056,-0.0013724775,0.0014958238,9.45563,3.012916,0.00035433326,0.0155347055,-0.00076926005,1.2050649,3.943702,2.8203888,-0.007474452,7.390269,0.00083354546,0.0020588464
3.9071386,2.9752908,-0.0136296805,-0.005110874,1.7706066,-0.0006354437,-0.52725774,26.189436,1.4811444,1.3938583,2.4225779,-0.023053909,2.534354,1.3237314,8.421304,1.025591,1.0101559,1.1618476,-9.477629e-05,0.00031404616,0.0037169475,1.1592731,1.004429,-0.017474942,0.00043948015,-0.00063350855,1.8440235,-0.0035768528,-0.0007311835,9.852417,2.459611,0.004673371,0.014633621,2.4454815,1.9444225,3.9199214,2.8419743,1.2479081,7.0988116,0.0020727448,0.00097071903
5.0362897,3.0702128,0.0028591973,-0.0072981603,1.7935698,-0.0009422068,3.3243473,41.322247,2.1586754,2.637963,2.4212127,-0.041445524,3.83725,1.6199684,10.599637,7.104787,1.0150282,1.1259904,-0.00011589376,0.004693372,0.0035373725,1.267777,1.0654304,-0.00052665465,0.0029640486,-0.00092494057,2.3661613,-0.0064735226,0.00041891873,17.60671,4.0722466,0.004925709,0.04024395,2.4558833,2.3626854,4.152635,2.6607442,1.2703898,8.976049,-0.0025229196,0.0030274228
5.0710783,2.630843,0.021199198,0.15745786,3.078208,-0.019666286,4.2168202,41.62025,2.9560173,3.7646406,4.562219,-0.03183656,4.2314234,1.4731696,11.0729885,9.063176,1.025395,1.1332315,0.042848263,0.009011511,-0.0060661635,1.244169,1.18917,0.027468184,-0.0075194817,0.37202454,2.4044137,0.0003668278,0.009443449,30.396803,4.3983793,0.030512717,-0.036156684,3.7979445,1.5792714,4.1863265,2.8383188,2.2277133,9.369147,0.0585005,0.0031998255
5.1624885,3.194116,0.001333107,-0.0071123517,1.7926035,-0.0014038464,3.5980575,42.59037,2.04794,2.8518436,2.423118,-0.053608153,3.9124546,1.5891043,10.781176,7.625087,1.0202962,1.1252309,-0.0005118795,0.007683124,0.0047650975,1.2643242,1.0618218,0.0029911262,0.001899833,-0.00039512626,2.4192605,-0.0068099382,0.00012463094,19.287535,3.965172,0.0039474457,0.046719365,2.4593282,2.3652775,4.1170034,2.7605913,1.2746276,9.126658,-0.0059474604,-5.3815063e-05
4.8846836,3.2344542,-0.009228827,-0.008011681,1.8542688,-0.0008970756,1.8717978,37.0775,2.3496993,3.8009627,3.0280192,-0.0972021,3.736066,1.9304415,10.387739,9.516735,1.0364394,1.1347209,0.0009698894,0.044869613,0.0042829243,1.1835623,1.0667342,-4.4951492e-05,-0.00043320484,0.0059298,2.3048754,-0.005487861,0.0024787756,26.246725,4.180603,0.004747414,0.025865942,3.0341294,1.3302131,4.0031934,2.993818,1.6098418,8.67346,0.025852164,-0.00085392466
4.8609686,3.4463103,-0.012901042,-0.0043531386,1.7842664,-0.0019608685,2.2050304,38.7296,1.220843,2.5535674,2.4300554,-0.07263325,3.3316786,1.233758,9.982104,5.133161,1.0291085,1.1367888,-0.00014667047,0.012932469,0.0045477753,1.2032561,1.0121189,0.0054833433,0.002761006,-5.316316e-05,2.2696,-0.005382526,0.0014026886,18.76812,2.5139048,0.00075190683,0.05008862,2.4588811,2.0790827,3.8559666,3.1095424,1.2741284,8.43947,-0.012771552,-0.007166971
5.7978334,3.240032,0.13101657,-0.0047223046,-0.0049614916,0.22158968,5.0868683,47.083447,3.5956914,2.7701967,-0.0017687082,-0.052368924,4.250884,0.88054824,11.49614,9.78367,1.0570506,1.1040701,0.0008349351,0.0035833672,0.0043892013,1.3504323,1.5555371,0.012704462,0.08075989,-0.0016047208,2.6027982,-0.01186985,-0.0032984314,23.996826,3.4159656,0.1847899,0.04603141,-0.004879302,1.6013991,4.259751,2.699799,0.007556654,9.892079,-0.0059052436,0.113911845
4.055836,2.96974,-0.010407081,-0.005517329,-0.02275414,-0.0011496386,-0.3281436,30.507683,1.7834219,1.9162997,0.0067979125,-0.03884807,2.7626386,1.6674521,8.776808,2.7130828,1.0123479,1.1494701,0.0014532004,-0.00085134694,0.0035847947,1.1692955,1.0107749,0.006214864,-7.112208e-05,0.00068643596,1.8982538,0.0005376571,0.0019494857,7.9449086,3.1679595,0.00029935292,0.011010424,-0.0010038526,1.1245893,3.9141893,2.7408686,-0.007967235,7.272632,0.0010067613,0.0005383406
5.187125,2.981138,0.008969013,-0.0067820204,-0.0056916634,-0.0014575494,3.8721085,47.78992,2.4029725,2.9038157,-0.005449315,-0.042672846,3.9790442,1.6384325,10.84781,8.377805,1.0198383,1.1115472,-0.00037128865,0.0027019703,0.0038054208,1.3012348,1.073844,0.024130777,0.0021929783,-0.00038410848,2.4250066,-0.0043280204,0.0021477228,15.581717,4.364178,0.0019530494,0.043340433,-0.00021258014,1.55167,4.135071,2.5575798,0.0033543867,9.160434,-0.0024393497,0.004299681
4.7625465,3.3091457,0.0020152545,-0.0057722577,-0.009026921,-0.002712398,1.4378988,31.53209,2.6422088,3.6842382,-0.004030266,-0.08400409,3.8122394,2.4934685,10.372604,8.409118,1.0280803,1.1468539,0.0003942298,0.0025144077,0.004458645,1.1640985,1.0508671,0.005277954,-0.0005617441,-0.00010771459,2.2008004,-0.0002642909,0.002687541,16.34303,5.37902,0.00024850195,0.008520807,-0.001364949,1.6892728,4.233258,2.8642492,0.0023573644,8.553799,-0.004345148,-0.00025434222
3.9967563,2.9544494,-0.01337278,-0.006301388,1.7766383,-0.0007489401,-0.2597684,27.884722,1.5377116,1.415899,2.4288247,-0.021748696,2.6579258,1.4288049,8.625422,1.4201138,1.0054587,1.1578783,0.00029145658,0.00012293382,0.003934894,1.1729288,1.0085685,-0.015071101,2.6043754e-06,-0.0006604211,1.8893256,-0.0029349143,-0.000670743,9.532103,2.6722164,0.00492756,0.015665151,2.4528377,1.9388672,3.929354,2.7514377,1.2517794,7.234802,0.0021052323,0.0007962941
4.71403,2.8749926,-0.006805516,-0.006639276,-0.016166426,-0.001278524,2.353617,46.805447,1.5939652,1.7613037,0.0061064414,-0.024319133,3.2419417,1.1998603,9.769256,4.3058457,1.0067284,1.1162916,0.0010184166,0.0024184303,0.0036528632,1.2868239,1.0314701,0.02774364,0.0014277293,0.00030809638,2.2210412,-0.0020477783,0.00239025,9.600726,2.7391062,0.0010097924,0.046073426,0.0013728585,1.0620596,3.8343813,2.5158393,-0.0016085884,8.208152,-0.0016260088,0.0006299701
5.1811504,3.1272326,-0.00041548515,-0.008013722,-0.009348099,0.21818085,2.0604856,34.98892,3.8304045,2.8467572,-0.0041350583,-0.06147458,3.603478,1.6666662,10.634729,8.284333,1.016578,1.1388019,0.0017972365,-0.0010379154,0.0028724694,1.2054489,1.5200988,0.0047261403,0.0008524192,-1.990996e-05,2.3269053,-0.0044711377,-1.4832988e-05,17.446293,3.85914,0.18477106,0.013966282,-0.0023136756,1.502637,4.0346775,2.6328623,0.0024983583,8.385889,-0.0014707263,0.0013544161
5.2164273,3.1193442,0.123046026,-0.005544705,-0.007933281,0.0039057517,4.31212,48.943256,2.011325,2.5030081,0.0036184217,-0.03930449,4.1144257,1.323896,10.79699,7.4124722,1.0462251,1.1006259,0.00034203648,0.004191414,0.0041065323,1.3573223,1.0818263,0.021232884,0.07492855,0.0001999019,2.4291742,-0.0064413995,-0.00026635866,17.088804,3.9246917,0.007110527,0.047842786,-0.0023897502,1.4162933,4.248828,2.6120512,0.0033953015,9.634638,-0.002955369,0.10641384
3.9545977,3.055739,0.0033719104,-0.0024101655,1.7754022,-0.00019935296,-0.16321406,24.4643,1.6265868,1.7416003,2.4206793,-0.031211989,2.5796392,1.1046708,8.451509,1.7887408,1.0302675,1.1613387,-0.0003030413,0.0034081368,0.0024804564,1.1520792,1.015618,-0.022260243,0.008622241,-0.0010055408,1.8520235,-0.0067356965,-0.0012264139,13.642477,2.4587193,0.0033536712,0.014203886,2.4482262,2.1542435,4.0305505,3.0764818,1.2527729,7.3048477,0.0010832706,0.011951673
4.7607594,3.055993,0.10807738,-0.0053050304,-0.017532226,-0.001974402,2.7460256,47.129032,1.2439098,1.5397832,0.01484285,-0.026895218,3.4635925,1.0548716,9.81594,3.7444715,1.0333322,1.1069967,0.0019075553,0.0040504322,0.003825703,1.3347069,1.0277975,0.02393997,0.07460292,0.00068731303,2.2328908,-0.00353947,0.00035391148,11.440538,2.6014142,0.0010572046,0.047441706,-0.0012293366,0.96541154,3.9807353,2.5775933,-0.000952819,8.746746,-0.0026205836,0.10321434
5.0300503,3.485943,0.013522529,-0.004926743,1.8041565,-0.00018689218,2.6360266,28.78382,2.841627,4.2404933,2.4771101,-0.09543642,4.0747705,2.1648216,10.804755,10.178731,1.0512317,1.150909,-0.0022624657,0.011899039,0.005392849,1.1592463,1.0812397,-0.018289171,0.0022000314,0.00024118127,2.3205488,-0.008094885,-0.0006798434,26.218258,5.406577,0.004506488,0.018399173,2.5185506,2.8017018,4.4214797,3.2180562,1.3110443,9.169958,-0.004017315,0.0020233297
4.763162,3.207243,-0.00035113894,-0.0074439123,1.7916871,-0.0011735683,1.7928758,30.692211,2.4966958,3.1375785,2.4200282,-0.062138915,3.8101075,2.3161092,10.374633,7.386515,1.0151553,1.1484002,0.00045613095,0.0024519588,0.003756676,1.1864854,1.0581402,-0.0144361025,0.00044341243,-0.0009999804,2.2254496,-0.0034591684,0.0005793559,17.34094,5.0853095,0.0047498234,0.013251108,2.45369,2.4875896,4.267837,2.7514048,1.267441,8.626599,-0.0016111943,0.0009536868
3.806181,2.9621582,-0.0054779067,-0.0034889337,-0.027959114,-0.0012237598,-0.73793143,26.781788,1.65651,1.7518746,0.004461793,-0.032092012,2.362896,1.094858,8.131706,1.5242331,1.0328506,1.1582414,-0.00010806671,0.00079694827,0.004734127,1.1458089,1.0064944,-0.00016971635,0.002441939,0.0002394967,1.76936,-0.0026339507,-6.503096e-05,9.620559,2.3129537,-0.00055779685,0.015230015,1.0826302e-05,1.2015861,3.9103756,3.0320296,-0.010432992,6.9421763,0.0014903256,0.0040148217
4.7605343,3.2015302,0.15770638,-0.0083814,0.011822401,0.093783006,2.0181282,36.79351,2.2369487,2.2710903,-0.017194144,-0.0612701,4.4789066,1.6431205,10.05657,4.342949,1.0339413,1.121165,0.0020428335,-0.0017930024,0.088678434,1.3642106,1.0537493,0.19862278,0.025215989,-0.00079589774,2.182507,-0.0028929217,0.19092569,15.472265,3.8884163,-0.20530006,0.015108836,-0.0026030492,1.3702074,6.7129188,2.6491506,-0.004517949,11.975378,0.0007396111,0.6152979
4.1370053,2.9702737,-0.007203914,-0.00524556,-0.020902397,-0.0010602531,0.0055136373,31.276602,1.8891426,2.040928,0.004849849,-0.038987305,2.8620152,1.6599506,8.9312525,3.2691696,1.0149891,1.14716,0.000981287,-0.00083067705,0.0035439555,1.1775537,1.017849,0.006213221,0.00037172483,0.00031421965,1.9343829,-0.0002581124,0.0018181532,8.907667,3.3192978,0.0005599466,0.0122242095,-0.000955749,1.1988131,3.956625,2.7487745,-0.0075982106,7.431917,0.0010494268,0.0013142058
3.800656,2.858453,-0.008891492,-0.0042240894,-0.026600087,-0.0006832135,-0.81656027,28.773487,1.6204319,1.4542071,0.007568442,-0.023630572,2.393307,1.2631828,8.182804,1.0820196,1.0167781,1.1526318,0.0012305574,-0.0017589863,0.0029671432,1.1651905,1.0031632,0.0031230939,0.0012332529,0.0004849191,1.7811414,-0.0011616099,0.0011243678,6.6999307,2.4363945,9.0510875e-05,0.010993659,-0.0007784499,1.061774,3.8708787,2.8053184,-0.012141969,6.8846345,0.003170483,0.0037552174
4.7520943,3.2956016,0.12280096,-0.0055916263,-0.0115009,-0.0029602386,2.1117566,33.67194,2.372609,3.0838578,0.0024406237,-0.0647119,3.9474592,2.0871854,10.272835,7.2792025,1.0522733,1.1326563,0.00060666114,0.0017019354,0.005310724,1.2443839,1.059512,0.0009854479,0.07278229,0.00097033783,2.1946456,-0.003480418,-0.0009204147,16.937668,5.017977,0.001864926,0.013601207,-0.004015243,1.5887275,4.4014354,2.8123507,-0.0005414933,9.058284,-0.0014590095,0.106731676
5.1889195,2.6636574,0.0364305,0.16736801,3.253875,-0.02255544,4.8996625,39.817432,3.4047813,4.325845,4.734048,-0.06561717,4.5372996,1.5744866,11.445737,10.608702,1.0246445,1.1354507,0.05928797,0.020179536,-0.0035248753,1.2402138,1.1972849,0.022871243,0.009110553,0.4060666,2.4429927,0.0010773252,0.013939272,33.94031,5.1876483,0.038184717,-0.04556416,3.8818166,1.9067863,4.3455944,2.8787823,2.342811,9.771856,0.045549758,0.0077386573
4.8402033,3.560985,0.12156576,-0.0092766415,1.7766843,0.13697028,1.8337135,25.978477,2.6386032,2.9327703,2.344472,-0.08105798,4.4624395,1.6445755,10.207743,5.571769,1.0595465,1.1547186,-0.0003254659,0.0029288735,0.09197502,1.2834743,1.1329105,0.17007944,0.007266858,0.00035121056,2.1894228,-0.007296552,0.18744196,23.62952,4.1097817,-0.17707255,0.010174004,2.4052033,2.5813081,6.8384476,3.203477,1.2350916,11.983448,-0.0012229392,0.5943632
3.9807289,3.058916,-0.008290871,-0.004272129,-0.024484428,-0.0013824864,-0.5340457,28.307549,1.6840103,2.0074358,0.0059968363,-0.045391776,2.607387,1.4434767,8.546391,2.4377108,1.025384,1.1545206,0.00044985762,0.0011869102,0.0041653086,1.1480472,1.0051632,0.0037526898,0.0009781935,0.00092727056,1.8530602,-0.00080267026,0.0014323947,9.690985,2.788639,-0.0005503833,0.01307541,-2.7197955e-05,1.1764859,3.9054098,2.954316,-0.0075997855,7.162665,-0.0007950934,0.00044936326
5.1797905,3.2229538,0.22840117,-0.009032564,0.013555463,0.09367511,3.9594057,48.51392,1.7567086,1.8422174,-0.011817375,-0.049281176,4.8329887,1.1146512,10.604021,4.472591,1.04535,1.092476,0.002870198,0.0018069333,0.08912891,1.476275,1.0593342,0.21262868,0.07028807,-0.0005257593,2.3855813,-0.0056170006,0.19096191,17.00675,3.197692,-0.20607965,0.04171336,-0.0020426954,1.198306,6.708228,2.5286129,-0.0010840275,12.836653,-0.0020053172,0.6783665
4.726252,3.1390672,0.0063263373,-0.0060492004,-0.0091778375,-0.0017096613,1.690641,33.460567,2.6909268,3.3448026,-0.0054047643,-0.06530558,3.7538085,2.2926328,10.270843,7.9165306,1.0241767,1.1410006,0.00021404744,0.00028571507,0.003913023,1.1934625,1.0595274,0.005486251,0.00076726644,-0.00021238034,2.192656,-0.0013491632,0.0021285461,15.059704,5.1982574,0.0013535462,0.010627491,-0.0022969765,1.6683556,4.2461867,2.7467885,-0.00031846733,8.534452,-0.0011616679,0.0037734462
4.649001,3.0145116,-0.010554524,-0.007972716,-0.019500356,0.2187891,0.37240228,30.758663,3.3026621,1.9211807,0.0035818105,-0.04448394,2.902877,1.3494494,9.533744,4.6885533,1.0088848,1.1495178,0.0028530243,-0.0024215083,0.0032570814,1.175652,1.4887639,0.0019279772,-0.00029407104,0.0012484074,2.089005,-0.0027393731,-0.00081110635,12.364411,2.657313,0.18473247,0.009315305,-0.0011460229,1.1590745,3.8381772,2.6344569,-0.0041778674,7.4379487,0.00067941705,0.00024050997
5.089933,2.6370664,0.13825762,0.19894588,3.6895213,-0.010993701,5.112041,42.906494,2.7486374,3.2205713,5.2210956,-0.073105715,4.581167,1.3485049,11.268387,7.5605164,1.0235221,1.1150173,0.07655174,0.017260348,-0.0021797533,1.3170542,1.2047476,0.024382746,0.09373011,0.47576466,2.4105213,0.003170797,0.009547413,30.271458,4.517648,0.043404184,-0.03974449,4.0916605,1.6154072,4.299353,2.571217,2.5734568,9.993036,0.02618599,0.114384554
4.9266806,3.1236756,-0.0050741653,-0.009887225,1.8565832,-0.00096207415,2.1342232,37.342846,2.6639574,3.8609402,3.025307,-0.088803336,3.9001544,2.107164,10.581026,10.166643,1.0318342,1.1328585,0.0018759485,0.042281397,0.0040052277,1.199538,1.0857008,-0.002317114,-0.0008600452,0.005837476,2.328667,-0.00514812,0.0025800706,25.813345,4.7447715,0.006411877,0.021321686,3.0319924,1.4186773,4.099363,2.8495996,1.6081864,8.823111,0.030274227,0.0025392158
5.736417,2.9583185,0.006569694,-0.0039094994,1.9487125,0.21510349,4.392512,44.673584,4.2775536,3.6489573,3.1346555,-0.066943794,4.1650624,1.2032063,11.590324,12.552753,1.0345812,1.1177548,0.008039657,0.04014603,-2.7449732e-05,1.2763702,1.5876487,0.002679767,0.0018994369,0.031155853,2.6284988,-0.009196669,0.00018028522,32.074154,3.8334446,0.19311601,0.030745316,3.0886135,1.5498279,4.0767703,2.6902683,1.6607792,9.415774,0.039694645,0.009114671
4.3080378,3.0543978,0.011757745,-0.0056180945,1.7826332,-0.00063999183,0.85556,30.131264,1.7924441,1.9576863,2.4246998,-0.033702336,3.0661552,1.474977,9.229443,3.4350295,1.0191847,1.1488056,6.474153e-05,0.0021170953,0.0034305018,1.1963539,1.0303966,-0.01469367,0.012527484,-0.0004917265,2.024022,-0.0049668495,-0.000759297,13.626807,3.2250125,0.004454068,0.020449292,2.451738,2.1545064,4.0738244,2.825815,1.2589092,7.8760576,0.0005085603,0.017617116
5.588731,3.0680225,0.01133636,-0.008732666,-0.0036165577,0.21439387,3.8444347,42.044037,4.1006193,3.13534,-0.011169652,-0.05534835,4.030055,1.4981793,11.353662,10.325619,1.0226438,1.1230989,0.0003997322,-0.00013355103,0.0036166064,1.2671748,1.5435094,0.010657259,0.0018229015,7.154792e-05,2.518668,-0.007713114,-0.00088904594,20.539858,4.209429,0.1828396,0.028942,-0.001901474,1.7053896,4.1450706,2.5688126,0.00541324,9.122134,-0.0016125741,0.0051462557
4.7007704,2.9614725,-0.011622182,-0.007565983,1.7811565,-0.0009879012,2.3384604,43.105076,1.358017,1.5375707,2.4269748,-0.022022396,3.2180758,1.1232891,9.746813,3.5263915,1.0021485,1.1258093,0.0008115199,0.0048795356,0.0040219342,1.2732514,1.0288395,0.0065147285,0.0014465598,5.931584e-05,2.2276149,-0.004758517,0.00031892897,12.272238,2.453266,0.0042049596,0.04938082,2.4531744,1.8908046,3.8516614,2.5896502,1.2636033,8.231683,-0.0023542908,-0.0008412714
4.466798,3.0928712,-0.0046248795,-0.0059372284,-0.014269994,-0.0016021932,0.7356081,32.334175,2.2854934,2.7815042,0.0013522095,-0.057926033,3.390472,2.1935432,9.72687,5.8281097,1.0140789,1.1448239,0.0014192434,-0.00027567573,0.0032898027,1.1792985,1.0346303,0.006987792,-0.00023988719,-0.0002406212,2.0812087,0.0007647135,0.0027925656,11.461285,4.5016236,0.00064990326,0.008613438,-0.001958512,1.3977282,4.0886416,2.6948593,-0.0029943178,8.006218,-0.00076843204,0.00045672446
4.428284,3.09544,0.0003347887,-0.0050664456,-0.01762649,-0.0017031155,1.0508012,33.893192,2.0221205,2.5405436,0.00018959235,-0.051283438,3.130119,1.5345409,9.411224,4.985356,1.0297612,1.1420289,-0.00062093424,0.0024398393,0.005053592,1.1916288,1.0334393,0.008970037,0.0010181415,0.00081155327,2.0583804,-0.00285086,0.0012207816,13.193512,3.4749057,0.00054789847,0.0232873,0.00034134538,1.3947726,4.0255394,2.9060054,-0.002902923,7.932845,-0.0020134146,0.0015903984
4.8971777,3.165958,-0.010059304,-0.006831237,1.7798183,-0.001170871,2.5760272,41.51603,1.5850406,2.2728796,2.4242,-0.04811669,3.530788,1.4913168,10.216611,5.4249163,1.009518,1.1292007,0.0007283591,0.007352062,0.004635254,1.2479297,1.0336502,0.0051091867,0.0010323967,-0.00029709484,2.3049862,-0.004605955,0.0007133471,15.571165,3.2006786,0.0027376523,0.044955347,2.453366,2.0581234,3.9388976,2.7161558,1.2686234,8.572961,-0.005960392,-0.003164237
4.9450426,2.9530432,-0.0061399546,-0.008157202,1.7886586,-0.0006984739,3.1369455,45.079247,1.7272389,1.9492364,2.4284675,-0.025736649,3.5983603,1.3781226,10.312723,5.3487067,1.0012813,1.1200608,0.0009355301,0.0045205173,0.0037132988,1.2928079,1.0493289,0.0068763318,0.0015800251,-0.00045140446,2.3400776,-0.005268508,0.00040091496,13.9794035,3.2588296,0.0047351723,0.048370536,2.4583464,2.0582778,3.9740875,2.5009627,1.2694511,8.694201,-0.0019524407,0.000598133
5.0194035,3.2369676,0.115291595,-0.009057847,0.012020761,0.28509694,1.6200591,31.97178,3.5722127,2.2893658,-0.020087315,-0.06954164,4.213395,1.3158245,10.213031,5.260381,1.0290327,1.1342851,0.0017217922,-0.004949474,0.085139215,1.3101301,1.4627557,0.18466637,0.0010409915,-0.0010536783,2.223367,-0.0048340918,0.18384637,18.57017,3.1510994,-0.045060616,0.0069333995,-0.0007186008,1.4178139,6.5276675,2.7167768,-0.0014991388,11.477608,0.0014983221,0.57026947
5.0617623,3.9862692,0.19416691,-0.008116416,0.0075964318,0.3282761,1.6897132,28.444105,2.696623,2.0350811,-0.017036252,-0.056743808,4.168261,1.0770044,10.167102,4.330577,1.1263647,1.184657,0.0022098424,-0.0012276811,0.10734874,1.3555615,1.4162381,0.19543935,0.110966824,-4.0174506e-05,2.2085772,-0.008505482,0.18464193,21.560268,3.0184183,-0.05814697,0.0041945176,-0.0031120817,1.3170753,6.601041,3.7046344,-0.0034291525,11.78818,0.0014571922,0.7413503
4.515435,3.3427153,-0.0014128828,-0.0036313694,-0.014968343,-0.0022359313,0.8303771,30.408127,2.1083996,3.2013643,9.74667e-05,-0.07998715,3.2994719,1.8733081,9.653416,6.2372036,1.0387042,1.1497123,-0.0004842318,0.00510922,0.0045041502,1.1477983,1.0272245,0.0062571666,0.0013360721,0.0001226189,2.0829914,-0.001798593,0.0025601385,16.03739,3.9935293,-0.0011250634,0.016469417,0.0002548416,1.523253,4.0741677,3.0999444,0.0014253284,8.071443,-0.006295159,-0.0016584613
4.1166635,2.9523692,-0.012908835,-0.006724252,1.7758889,-0.00073600386,0.1558492,30.046492,1.5648094,1.4867374,2.4254477,-0.022835858,2.7835934,1.4443691,8.848751,1.9220254,1.0041957,1.1526467,0.0006035488,0.0004953656,0.0038465762,1.1879693,1.014536,-0.012230401,9.401063e-05,-0.00029144803,1.9467533,-0.0029402755,-0.00039927216,9.995676,2.7736862,0.0048020114,0.01952319,2.4496884,1.9464433,3.933771,2.709948,1.2529987,7.417843,0.0018346244,0.0006727315
4.7164426,3.1432803,0.0024304516,-0.0071872748,1.7929909,-0.0006487518,1.8362901,30.67125,2.5279026,3.012661,2.419988,-0.054567825,3.7419422,2.1733885,10.25766,7.1078753,1.0169014,1.1473354,2.725053e-05,0.0015696912,0.0034859995,1.1936239,1.0622952,-0.01578857,0.0012000464,-0.0011107328,2.2049084,-0.0044268356,0.00026507358,17.210213,4.9457,0.005337628,0.013663692,2.4543567,2.5093124,4.28401,2.7521904,1.2665187,8.582805,-0.00024181852,0.0028322567
4.9485,2.9596136,-0.00472558,-0.0068431147,-0.010762737,-0.0012647414,2.848552,47.082623,1.9346638,2.3407376,0.0029094052,-0.038484156,3.6454287,1.6376361,10.360399,6.2776666,1.0057198,1.115002,0.0015375861,0.0025139726,0.0028839775,1.2854418,1.0446799,0.027195524,0.0010796058,-0.00041621595,2.3249347,-0.0012910855,0.003330667,11.477756,3.710938,0.001006614,0.040803544,-2.987949e-05,1.2277994,3.948641,2.4702928,0.0014549294,8.629923,-0.002820583,0.00017450638
5.275308,3.0915096,0.0076248418,-0.007167803,1.7999091,0.0005314687,4.231368,44.93086,2.2791,2.9126246,2.4500318,-0.045630317,4.056565,1.5106925,10.994533,8.411898,1.0215509,1.1178495,-0.0006544399,0.008350165,0.0040195463,1.2919102,1.0817677,0.003366921,0.0033633686,-0.0004941285,2.4752793,-0.0083479,-4.460995e-05,20.34023,4.169104,0.005773578,0.048528735,2.4876838,2.41685,4.1866903,2.6934826,1.2915597,9.369949,-0.0025371748,0.0034448786
4.810243,3.1967053,0.0060075335,-0.006027839,-0.0071678925,-0.0019583798,1.8374064,33.41513,2.773758,3.574592,-0.0056176074,-0.07247715,3.8794115,2.4270432,10.46532,8.59607,1.0252968,1.1413074,0.00010311478,0.00070532894,0.00387058,1.1891086,1.0616775,0.0056133824,0.00028390874,-0.00064252474,2.2283292,-0.0010734227,0.0025437716,15.983282,5.476301,0.0011955192,0.009665224,-0.0019482429,1.7257826,4.2754807,2.7647488,0.0011208594,8.672084,-0.0021094526,0.0023157164
4.0280175,3.0687878,-0.010623568,-0.0052238987,1.7785789,-0.0008123749,-0.24984853,25.76117,1.6248175,1.7690684,2.42734,-0.034057338,2.7043037,1.4463868,8.683065,2.0822637,1.0166461,1.1624792,-0.00035739416,0.0018283841,0.0038013817,1.151741,1.0099044,-0.018077001,0.0009925957,-0.0006850026,1.892522,-0.0037817701,-0.00046918812,11.907017,2.8163285,0.004306027,0.014281434,2.4530156,2.0689013,3.9807422,2.9185414,1.2537574,7.3209295,0.00020415377,0.0005698718
5.049352,3.7261071,0.106089845,-0.0022785107,1.787368,-0.0026098127,3.03002,38.309258,1.1181849,2.846147,2.4508684,-0.088008456,3.7386944,1.1396514,10.314978,6.035052,1.0676048,1.1287595,-0.0005129411,0.017308902,0.0064965175,1.2419924,1.0203195,-0.0004900845,0.07398051,0.00038000362,2.3357186,-0.00871431,-0.0022311306,24.021147,2.7611773,-0.00025644415,0.052239023,2.4749389,2.164803,4.094741,3.3136153,1.287462,9.264369,-0.015168728,0.09308114
4.90351,3.1924546,0.016297573,-0.0056040436,-0.0055628787,-0.0011488986,2.419755,33.534008,3.0128734,3.821228,-0.011925052,-0.071984746,3.9817796,2.2591157,10.611711,9.50544,1.0377398,1.1394138,-0.0013212957,0.0012006355,0.0045381715,1.1988641,1.080527,0.00289231,0.0016304111,-0.0001774863,2.263877,-0.003932889,0.0013328191,18.681454,5.612948,0.002236866,0.012774293,-0.0024589032,1.922104,4.37936,2.868957,0.0016220988,8.920153,-0.001759672,0.0061317254
4.8460193,3.4402845,-0.013022147,-0.004242616,1.7819057,-0.0023299716,2.1947284,38.82024,1.1902548,2.5012674,2.4263525,-0.07094746,3.2986238,1.1815128,9.936518,4.968465,1.0299633,1.1370778,-0.0006477695,0.012473878,0.0046672416,1.2045475,1.0118959,0.005458121,0.002305293,0.00011932843,2.2631228,-0.0054101655,0.0013971766,18.66089,2.4172895,0.0009483248,0.05156406,2.4540749,2.069668,3.8466475,3.1160767,1.2713743,8.41227,-0.012170158,-0.006968487
4.8031306,3.074199,-0.0030802242,0.15373573,4.271686,-0.0019283975,3.412014,40.162704,2.1828446,1.5615,5.6905265,-0.009930365,3.4030285,0.96706253,10.048478,3.5405493,1.0261539,1.1358271,-0.038157806,-0.010095764,0.00437813,1.2816823,1.0434027,0.033833373,0.0038385007,0.38185522,2.278459,0.014008153,0.0037276659,18.531187,2.9491837,0.015267656,0.04703522,4.2495546,2.5407598,4.0155087,2.729374,2.7101426,8.632038,0.004558898,0.006129251
5.3231583,3.269551,0.003611113,-0.006339898,-0.0035013468,0.22042418,2.2475893,32.343285,4.1763716,3.525098,-0.007128602,-0.08031641,3.8834803,1.9943017,11.012158,10.071422,1.025089,1.1419816,0.0016816419,-0.00041673117,0.0009391781,1.1811081,1.5312896,7.698897e-05,0.002817316,-0.0017940308,2.3788903,-0.004334277,0.0013577243,20.560207,4.6728415,0.18549459,0.0047206297,-0.0029425488,1.7395694,4.1722355,2.7507315,0.0051153693,8.684539,-0.0030516211,0.0010417951
4.0898457,3.0103407,-0.011577314,-0.00645763,1.7787732,-0.00086175493,-0.06267029,27.397577,1.6981589,1.7271444,2.426784,-0.030501375,2.8204181,1.5923779,8.861435,2.3330925,1.0083121,1.1581788,0.0005328726,0.00066727895,0.0038814305,1.1674364,1.0159159,-0.01611769,8.9071094e-05,-0.00027856094,1.9277425,-0.0028604108,-0.00038305175,10.899272,3.0781658,0.0046862895,0.013881312,2.4522457,2.0349715,3.9876366,2.7772193,1.2546496,7.4161634,0.0014754696,0.0006859048
4.1464486,3.2646291,-0.0009705936,0.16714208,4.2041826,-0.0036499843,0.9053808,20.681486,2.515053,2.1459763,5.610864,-0.040027883,2.8837714,1.1368327,8.953001,2.6683893,1.0563455,1.1843252,-0.047398087,-0.0024146254,0.00055098155,1.1319221,1.0219519,-0.005247969,-4.600972e-05,0.3785834,1.9372492,0.0036577208,0.010053794,21.238888,3.271585,0.0125137195,0.011794521,4.210092,2.8376648,4.1977797,3.2930567,2.6647172,7.7864604,-0.0007455805,0.0043033385
5.9622555,3.2748642,0.11748797,0.0029922724,1.8585142,0.21180068,5.4376225,44.42431,4.231933,4.006821,3.0172358,-0.095110334,4.6028233,1.0525913,11.956682,13.850562,1.0532557,1.1254708,-0.0031299554,0.045516435,-0.012018297,1.3069533,1.6035979,-0.024887681,0.063402474,0.003077601,2.7081351,-0.010804009,0.014492838,37.990265,4.1080313,0.19946633,0.03157498,3.0248623,1.6921532,4.3360534,2.9564261,1.6073941,10.326357,0.0298661,0.12009415
4.8258686,2.995874,0.11301132,-0.009167672,0.008993638,0.09271538,2.6174006,46.509876,1.6547039,1.4334341,-0.013102255,-0.03732558,4.169013,0.9802981,9.873811,2.6391897,1.0152743,1.1048578,0.0023144516,-0.00033946527,0.087896906,1.415751,1.0382317,0.21620622,0.002664539,-0.0006824695,2.2371871,-0.003076313,0.19271356,12.195455,2.4050987,-0.20627666,0.04041083,0.00082306896,1.0405463,6.411958,2.4871566,-0.0042514848,11.740511,-0.00037198025,0.57987916
5.6372533,3.5010378,0.12335075,-0.013445729,1.849076,0.2007036,4.4001594,41.372665,2.997003,2.9810095,2.560809,-0.07122618,5.0228143,1.2627697,11.434825,8.374074,1.0576696,1.1321961,-1.17409e-05,0.014861334,0.09441433,1.3947593,1.30293,0.18876834,0.018168459,0.0017782056,2.5567727,-0.00886756,0.1927526,28.00971,3.8231738,-0.11631506,0.040320378,2.6128738,2.2661834,6.733281,2.990386,1.3568364,12.93234,0.00879589,0.60621107
4.926779,3.0543065,-0.0010212586,-0.0067070015,-0.010080819,-0.00036561195,2.6223266,43.223286,2.1612117,2.7333076,0.00029973613,-0.05024141,3.705387,1.8067977,10.397348,7.0106416,1.0144162,1.1229721,0.0007369987,0.0027103783,0.0037974939,1.256605,1.0528374,0.021327123,0.00068412104,-0.00015895927,2.3028166,-0.0016680881,0.0027360218,13.36189,4.133274,0.0022426907,0.034192976,0.00013444701,1.383846,4.037634,2.598536,0.0019419182,8.663457,-0.0031786242,0.00051827455
5.3196535,2.9836433,-0.006900345,-0.009123406,-0.011935568,0.21764092,2.916347,45.139698,3.2357352,2.030429,0.0020709191,-0.039053675,3.4701922,1.088203,10.626062,6.844198,1.0048152,1.1203616,0.002265009,0.0007796122,0.0033210854,1.2760582,1.5092827,0.020909049,0.000852879,0.0005712321,2.4126775,-0.004876954,2.1447857e-05,14.784437,2.607003,0.1846412,0.039122604,0.00048294166,1.1673161,3.8052208,2.4455,0.0032153511,8.422252,-0.0023826023,-0.00022832214
4.359804,3.3535213,-0.0068385093,-0.0028724081,-0.019925317,-0.0021378323,0.38323677,30.62674,1.6803738,2.7819226,0.004120789,-0.07586586,2.9663754,1.5233608,9.202534,4.607952,1.0401908,1.1505584,-0.00059502467,0.00695375,0.0045575243,1.141862,1.0072832,0.009233279,0.0014103621,0.0005729133,2.0130248,-0.0019607246,0.0022545047,14.810589,3.0563352,-0.0022290782,0.02210576,0.0015029083,1.338816,3.9303877,3.1853714,-5.2948995e-05,7.7263103,-0.007975422,-0.0034609293
5.0345645,2.8191576,0.0011964007,-0.0073436545,-0.0088456655,-0.0006960465,3.4767969,50.042862,2.0918057,2.209197,0.00017629906,-0.023972126,3.745154,1.51438,10.512092,6.5900106,1.003348,1.1069591,0.0011663575,0.00075786014,0.0025674982,1.3212922,1.0600185,0.028413048,0.0021694498,-0.0005792144,2.371692,-0.0025880993,0.0027142668,11.297048,3.795226,0.002169411,0.04460283,-0.0006085455,1.2772539,3.9998014,2.350318,0.00044857615,8.82212,-0.0001975622,0.003860276
4.0454736,2.9237168,-0.009977742,-0.0051935986,-0.023463637,-0.0008803609,-0.18341634,32.097134,1.6655637,1.7078357,0.0072674807,-0.03179082,2.6764529,1.4501324,8.676076,2.2408085,1.0127424,1.1459669,0.0013690569,-0.0005784637,0.0034390357,1.1830276,1.009301,0.00828289,0.00057472143,0.0006798817,1.8966445,-0.0003209758,0.0016736952,7.613249,2.7940128,0.000338513,0.015896851,-0.0004450637,1.0764601,3.8758333,2.7383804,-0.008582811,7.2366533,0.001171801,0.0011673595
3.9326694,3.0257363,-0.00798766,-0.004068376,-0.025072582,-0.0010460755,-0.6145792,28.059183,1.6690675,1.9088731,0.005963548,-0.041509025,2.5442338,1.3760183,8.44085,2.1365066,1.0254433,1.1545708,0.0005380119,0.0007750462,0.0039363774,1.1489153,1.0048065,0.0030310296,0.0012239504,0.0008699443,1.8317436,-0.001133039,0.0013598457,9.334278,2.6768322,-0.00045199523,0.012682752,-0.00030216356,1.1648896,3.9011748,2.9517636,-0.008479809,7.092845,-0.00010532516,0.0011524698
4.4702826,3.2262502,-0.0050491286,-0.005028864,-0.015006539,-0.0020306753,0.6222589,30.940712,2.1772633,2.9819453,0.0016721919,-0.07041777,3.3398817,2.1152952,9.676169,5.9352612,1.0237436,1.1486288,0.00083939877,0.0022726285,0.0038623356,1.1584358,1.0278703,0.006594324,6.41217e-05,-1.3362738e-05,2.0732868,0.00022745965,0.0028847212,13.238553,4.3022323,-0.00034302816,0.010756729,-0.0009413549,1.4303817,4.0689335,2.8750184,-0.00089496624,7.9907913,-0.003617665,-0.0013427491
4.946154,3.0915363,-0.010568744,-0.00999899,1.853982,-0.0010860721,2.3071787,41.631443,2.2556658,3.423448,3.0342023,-0.08074384,3.7503521,1.7928531,10.456453,9.111134,1.0268577,1.1255242,0.0019206734,0.04374257,0.0037418378,1.2239863,1.0718364,0.0060657896,-0.00035053914,0.0056288233,2.347287,-0.005030233,0.0028933145,24.389866,3.9403443,0.006164742,0.033094358,3.0379276,1.2009215,3.9489336,2.8057024,1.6103966,8.730799,0.029097598,0.00067415717
4.259117,3.1547394,-0.007334463,-0.004714976,-0.019466173,-0.0017929903,0.13084848,30.296862,1.9036666,2.5045826,0.0042367377,-0.059039705,2.9989467,1.7829801,9.166684,4.2660837,1.0238259,1.1502769,0.0006302868,0.0020089187,0.004130628,1.1564851,1.0160935,0.0064317267,0.00037480515,0.00041735268,1.9793819,-0.0002689197,0.0023291842,11.528923,3.5324132,-0.00045648386,0.01335692,-0.0003525308,1.2911649,3.9764862,2.9086735,-0.003637684,7.615292,-0.002603318,-0.0010581749
3.9499996,3.0955772,0.1103433,-0.0025904402,-0.026029069,-0.0011209606,-0.06752561,28.759598,1.4491909,1.5532644,0.012555897,-0.032743827,2.7500246,1.1382962,8.436929,1.4791509,1.0512327,1.1424768,0.0007703013,0.0006646049,0.0039728424,1.2121751,1.010109,-0.0024984914,0.07433098,0.0008427965,1.8335576,-0.0036030363,-0.0014893977,10.73927,2.5704806,0.00021067208,0.013131252,-0.0032901573,1.1101389,4.091901,2.9536145,-0.009578925,7.6380177,0.0016345647,0.10604512
4.314504,3.461949,0.11363541,-0.0020788792,-0.020663802,-0.0026389395,0.58568364,27.492926,1.7027632,2.708258,0.008431247,-0.07412531,3.2201562,1.5215658,9.197277,4.455231,1.0693331,1.146965,-0.00019649147,0.0057911924,0.0054045343,1.1791564,1.0190964,-0.002548951,0.07338838,0.0011057068,1.9784244,-0.0039649834,-0.0008223159,16.932606,3.4496782,-0.00085428654,0.014636566,-0.0020333016,1.4026576,4.2058706,3.233766,-0.001685745,8.242226,-0.005224891,0.10152645
4.437971,2.9051483,-0.016135748,-0.00748303,1.7781315,-0.00093660114,1.5356374,41.109673,1.0890787,1.0674928,2.4321272,-0.012500633,2.8621247,0.9304059,9.189346,1.7225049,0.9990414,1.1312417,0.0010216865,0.0041761245,0.004199535,1.259839,1.0125773,0.005119698,0.0010768356,0.00040611514,2.110016,-0.0040856944,-0.00026429273,9.858169,1.8150114,0.0042643454,0.047413774,2.4555035,1.7316374,3.7557902,2.601499,1.2599275,7.766155,-0.0013447782,-0.0011014716
4.6926384,2.9967136,-0.012999742,-0.007847676,1.78393,-0.001163249,2.1597164,41.963234,1.3987348,1.6457064,2.4311767,-0.027044015,3.253952,1.2762622,9.783686,3.7066448,1.0007465,1.1286097,0.0012047967,0.0050058994,0.004142032,1.2621264,1.0270399,0.0055040843,0.00093088666,3.503883e-05,2.222189,-0.00402082,0.00044096544,12.227309,2.6599314,0.0040714247,0.04583024,2.4572346,1.8994355,3.8622172,2.5877337,1.2659723,8.218575,-0.0028444089,-0.0017305325
4.804932,3.3816156,0.105882004,-0.003897796,-0.018404268,-0.0035720817,2.44273,43.62122,1.0803558,2.1170318,0.01592226,-0.0592007,3.4537644,1.0957365,9.845718,4.387432,1.0513378,1.1172603,0.00090659945,0.009341043,0.005461365,1.2833197,1.0134523,0.023042563,0.07421886,0.001179595,2.2321405,-0.003680483,0.00062033226,15.214066,2.49192,-0.0009312761,0.04940223,0.0011824744,1.0485632,3.955512,2.932669,0.0037740597,8.770713,-0.009040653,0.0985103
5.2024603,3.127904,0.00088746025,-0.007806058,-0.009090642,0.219148,2.1657314,35.152016,3.8625908,2.8817432,-0.0050562555,-0.061560873,3.6213887,1.6361307,10.665458,8.428958,1.0182935,1.1381288,0.001648149,-0.0008601173,0.0028497335,1.2075435,1.5242412,0.004553069,0.001142058,-2.4894101e-05,2.3355148,-0.0049351444,-0.00015429516,17.873137,3.8657107,0.18546861,0.014622313,-0.0024411548,1.5283476,4.047134,2.6477487,0.0027486815,8.428661,-0.0015355522,0.0018817361
5.036799,2.9789438,0.005696231,-0.0068103937,-0.007303614,-0.0014866556,3.242733,45.147564,2.360963,2.805002,-0.0033477433,-0.04309364,3.8530426,1.7477775,10.612688,7.7290277,1.016295,1.1173009,0.0001722946,0.0018033321,0.0036857962,1.2812464,1.0656053,0.021338778,0.0016720857,-0.0003445417,2.3557825,-0.0031210063,0.0022939707,14.248358,4.364467,0.0017905956,0.03670476,-0.00032768637,1.4935039,4.1155906,2.5487275,0.0019380855,8.912597,-0.0016810464,0.0038160856
4.5784707,3.2014394,-0.0034514766,-0.0057693245,-0.012495914,-0.0021085914,0.93190247,31.839762,2.3826003,3.14766,-1.8429555e-05,-0.07065467,3.545652,2.3324764,9.970397,6.7850566,1.019285,1.146327,0.0012149928,0.0012324285,0.0037271963,1.1689329,1.0380154,0.006668095,-0.00049104355,-0.00015092325,2.1255982,0.0006949202,0.0029262672,13.336004,4.818002,0.0002486971,0.008478245,-0.0015993875,1.4925921,4.129858,2.7731268,-0.00042250621,8.197465,-0.002731741,-0.000555196
4.9717216,2.906514,-0.0034748593,-0.0102168955,1.867596,-0.001286015,2.8418796,44.058987,2.4325109,3.1850893,3.0442824,-0.061325014,3.7835398,1.6089929,10.493463,9.101651,1.0242043,1.1183026,0.0022163577,0.040403478,0.0034609402,1.2613479,1.0888087,0.006245791,0.0004755285,0.0072820266,2.3669827,-0.006344272,0.002397715,23.758558,3.9532979,0.008626835,0.03603117,3.0413194,1.2566607,4.0067425,2.6751792,1.6140517,8.843273,0.033568002,0.0051258486
4.8458447,3.0833025,-0.009151822,-0.008199635,-0.015388636,0.2174843,0.83388424,31.651129,3.5153656,2.339141,0.0016233274,-0.05485423,3.2092392,1.6412609,9.997691,6.159959,1.0083375,1.1474272,0.002808842,-0.0021903603,0.0029786185,1.1786162,1.4958699,0.0027030634,-0.00045308407,0.0005241116,2.1775172,-0.002273587,-5.2090694e-05,13.846981,3.317261,0.18391371,0.007679063,-0.0018235955,1.272943,3.9127607,2.603849,-0.0015250993,7.7801175,-0.00029602202,-0.00048603065
4.1567745,3.233597,0.21976866,-0.0047758734,-0.00070916733,0.08440217,0.2702124,29.333702,1.5441673,1.3827188,-0.000105859835,-0.051401377,3.7687974,1.1788086,8.797333,0.5026342,1.0542781,1.1301278,0.0024969773,-8.608423e-05,0.08562356,1.3323488,1.0139772,0.18019314,0.07032695,0.0004801509,1.9016426,-0.003140993,0.1757618,12.915068,2.6069648,-0.1913802,0.008076747,-0.004367164,1.0694767,6.504686,2.855097,-0.0035651014,11.068565,0.007354849,0.6484359
4.903225,3.277215,0.17100625,-0.008783636,0.011013491,0.20434862,1.8838462,33.600647,2.920335,2.219275,-0.01779077,-0.06544597,4.4064293,1.4361728,10.147506,4.7097955,1.0418887,1.1271368,0.002741453,-0.0029659213,0.08749346,1.3502393,1.2841644,0.19070949,0.037205674,-0.00034510673,2.200835,-0.004905333,0.18800388,17.816717,3.5199158,-0.11499767,0.008625366,-0.0033997602,1.3882762,6.6870985,2.7202177,-0.0036069471,11.879758,0.00085995457,0.6281191
5.224943,3.1758578,0.008129648,-0.0063164653,1.797208,-0.0007934536,4.002519,42.659798,2.238998,3.0361586,2.429791,-0.05275715,3.991072,1.482891,10.884034,8.32247,1.0284758,1.1227041,-0.0012379342,0.008262746,0.004204,1.2713878,1.0743672,0.00081339333,0.0036727546,-0.0007483061,2.4439487,-0.008751733,-6.111456e-05,21.219128,4.0999618,0.0042221234,0.047071196,2.4690485,2.4964359,4.197553,2.8258488,1.2811869,9.301908,-0.004935405,0.0024717695
4.720234,3.1293502,-0.00946741,-0.007962337,1.7763171,0.21434195,0.76114255,27.055786,3.216346,1.9412122,2.4119885,-0.04211886,2.9950936,1.2383668,9.664442,4.7270246,1.013093,1.1586776,0.00013873105,-0.0006891049,0.0025884116,1.1653407,1.4814492,-0.021145452,0.0015533917,-0.0007805726,2.1304438,-0.0060338434,-0.0024192343,16.902592,2.603978,0.18415749,0.013225108,2.4399414,2.1574562,3.9446468,2.7884893,1.2528518,7.6727824,0.00029333984,-0.00036630678
4.7846727,3.1666996,0.108843096,-0.004721396,-0.017466543,-0.0024854927,2.6959229,45.926308,1.2119251,1.7600187,0.014990023,-0.037861895,3.4732897,1.0581383,9.841969,4.0526595,1.0405849,1.1102301,0.001427203,0.005817688,0.004383209,1.3182719,1.0245051,0.02335082,0.0750428,0.00080925523,2.236034,-0.0038203145,0.00039755806,12.969495,2.5865562,0.00037820122,0.048207242,-0.000294552,1.0123639,3.9842265,2.7065656,0.0008212743,8.78191,-0.004746621,0.10255594
5.2159843,3.1727035,-0.006497295,-0.010074912,1.7442375,0.219695,2.1519966,32.394844,3.6711557,2.6024823,2.352881,-0.055127896,3.6737618,1.730295,10.75195,7.741573,1.0054916,1.1458762,0.0021158494,0.00065263186,0.0023366313,1.2019176,1.52006,-0.01439123,0.001297079,-0.0011522442,2.3592088,-0.0058311513,-0.0015479045,19.18231,3.8207932,0.18918999,0.01609675,2.3844616,2.301639,4.063024,2.5953217,1.2340395,8.4763365,-0.0018332172,-0.0010741401
4.7092805,2.917384,-0.0062970733,-0.0064512407,-0.0154243,-0.00081979437,2.2036629,44.964535,1.7142555,1.9589596,0.0051254136,-0.030573068,3.2993681,1.3599519,9.823426,4.710505,1.0081077,1.119857,0.0010686605,0.002200667,0.003578185,1.2723519,1.034133,0.025108194,0.001259167,0.00014696855,2.2144415,-0.0016892981,0.0025780797,10.15141,3.0440333,0.0013500216,0.041064456,0.0007075848,1.124068,3.877844,2.543964,-0.0013522558,8.2277975,-0.00178429,0.000624254
5.045667,3.1551683,0.11023344,-0.0065699075,1.7888656,-0.0015030534,3.7076733,45.491825,1.4504884,1.8588239,2.4340622,-0.030776858,3.8925948,1.256298,10.469426,5.218514,1.0304524,1.1103421,0.0014157756,0.006033194,0.003555971,1.3414677,1.049708,0.002663115,0.07475687,-0.00015580952,2.3745959,-0.0070168287,-0.0014553359,16.62939,3.2591283,0.004947981,0.049954653,2.452911,2.0236309,4.151278,2.5849123,1.269483,9.337259,-0.0031158626,0.10336464
5.86499,3.2891667,0.13442408,-0.0051064137,-0.0020704388,0.22051716,5.310529,46.61949,3.7123418,3.0160196,-0.0045982115,-0.057999477,4.3328185,0.88773483,11.628952,10.4758415,1.0631934,1.104028,-2.2746732e-05,0.0042771194,0.0033879345,1.345046,1.5603395,0.010910245,0.07895392,-0.00051981397,2.6294174,-0.012511626,-0.0026578887,25.710346,3.5917437,0.18629967,0.044854227,-0.003169971,1.7095234,4.3001738,2.7802763,0.009774845,10.019782,-0.00521759,0.11139434
4.885379,2.913379,-0.008710744,-0.008600918,1.7853941,-0.00072617055,2.9317734,45.327637,1.6385278,1.7547723,2.4293547,-0.021277692,3.524369,1.3795221,10.200712,4.7984514,0.99595743,1.1201605,0.0013001201,0.0038399976,0.0038681782,1.2951641,1.0444988,0.007762313,0.0009615273,-0.00021869002,2.317256,-0.004551544,0.00033422816,12.588983,3.1263893,0.004777931,0.048044868,2.457352,1.9685555,3.9324138,2.438094,1.2677501,8.570323,-0.0011759063,0.0003590987
5.460292,3.3189783,0.12253013,-0.009852416,1.8170774,0.096206926,4.558707,44.075638,2.3689463,2.820387,2.4066536,-0.06900391,5.0514107,1.3773124,11.243855,7.2702723,1.0332432,1.1111681,0.0002891505,0.0063615325,0.090155885,1.4069055,1.0970392,0.19117203,0.0021648312,-0.001565429,2.5170279,-0.009277671,0.18853481,24.030766,3.961879,-0.19943617,0.045482136,2.4655352,2.4648538,6.7627354,2.7401288,1.276066,12.975822,-0.005029588,0.5754839
